HomeTeam,AwayTeam,Elo_H_before,Elo_A_before,Home_adv_elo,H2H_score,H2H_GS_H_total,H2H_GS_A_total,H2H_GS_H_avg,H2H_GS_A_avg,GoalsScore_H,GoalsAgainst_H,GoalDifference_H,WinStreak_H,LoseStreak_H,Wins_H,Losses_H,WinRate_H,GoalsScore_H_avg,GoalsAgainst_H_avg,GoalsScore_A,GoalsAgainst_A,GoalDifference_A,WinStreak_A,LoseStreak_A,Wins_A,Losses_A,WinRate_A,GoalsScore_A_avg,GoalsAgainst_A_avg,Elo_diff,Elo_ratio,Goals_likelyhood_H,Goals_likelyhood_A,Home_adv_elo_sum,HomeTeam_code,AwayTeam_code
Man United,Fulham,1541.950054,1561.143628,-22.5,3,6,3,1.2,0.6,4,9,-5,0,3,0,4,0,0.8,1.8,4,8,-4,0,2,1,4,0.2,0.8,1.6,-19.19357428,0.98770544,2.4,2.6,1519.450054,13,8
Ipswich,Liverpool,1453.768898,1775.13597,-52.5,-2,1,6,0.5,3,2,12,-10,0,2,0,4,0,0.4,2.4,11,7,4,0,0,3,1,0.6,2.2,1.4,-321.3670711,0.818961997,1.8,4.6,1401.268898,9,11
Arsenal,Wolves,1746.962161,1523.196733,-22.5,5,12,1,2.4,0.2,10,7,3,0,0,1,1,0.2,2,1.4,8,5,3,0,2,3,2,0.6,1.6,1,223.7654279,1.146905139,3,3,1724.462161,0,19
Everton,Brighton,1573.959804,1595.794221,-22.5,1,8,6,1.6,1.2,6,6,0,1,0,2,2,0.4,1.2,1.2,11,9,2,2,0,3,1,0.6,2.2,1.8,-21.83441682,0.986317524,3,3.4,1551.459804,7,4
Newcastle,Southampton,1657.056402,1365.877665,127.5,5,13,4,2.6,0.8,7,6,1,0,1,2,2,0.4,1.4,1.2,2,8,-6,0,0,0,3,0,0.4,1.6,291.1787379,1.213180686,3,1.6,1784.556402,14,16
Nott'm Forest,Bournemouth,1574.404585,1586.826287,7.5,-2,5,11,1,2.2,7,7,0,1,0,2,1,0.4,1.4,1.4,4,3,1,0,1,2,1,0.4,0.8,0.6,-12.42170146,0.992171984,2,2.2,1581.904585,15,2
West Ham,Aston Villa,1528.585579,1639.14767,-82.5,-2,5,9,1,1.8,7,7,0,1,0,1,2,0.2,1.4,1.4,9,3,6,3,0,4,1,0.8,1.8,0.6,-110.5620914,0.932549035,2,3.2,1446.085579,18,1
Brentford,Crystal Palace,1592.687461,1608.655525,37.5,1,7,7,1.4,1.4,12,6,6,4,0,4,0,0.8,2.4,1.2,9,5,4,2,0,2,0,0.4,1.8,1,-15.96806418,0.990073658,3.4,3,1630.187461,3,6
Chelsea,Man City,1641.33892,1766.258676,67.5,-3,6,11,1.2,2.2,8,6,2,0,1,3,1,0.6,1.6,1.2,8,2,6,1,0,4,0,0.8,1.6,0.4,-124.9197557,0.929274371,2,2.8,1708.83892,5,12
Leicester,Tottenham,1454.032862,1565.549759,67.5,0,10,12,2,2.4,6,8,-2,0,0,1,2,0.2,1.2,1.6,5,14,-9,0,1,0,4,0,1,2.8,-111.5168961,0.92876822,4,2.6,1521.532862,10,17
Brighton,Man United,1595.794221,1541.950054,67.5,3,9,5,1.8,1,10,9,1,1,0,2,1,0.4,2,1.8,5,12,-7,0,2,0,4,0,1,2.4,53.84416661,1.034919527,4.4,2.8,1663.294221,4,13
Crystal Palace,West Ham,1608.655525,1528.585579,37.5,2,12,8,2.4,1.6,5,8,-3,1,0,1,1,0.2,1,1.6,7,7,0,0,1,1,2,0.2,1.4,1.4,80.06994639,1.052381723,2.4,3,1646.155525,6,18
Fulham,Leicester,1561.143628,1454.032862,67.5,3,10,6,2,1.2,7,9,-2,1,0,2,3,0.4,1.4,1.8,6,6,0,1,0,2,2,0.4,1.2,1.2,107.110766,1.073664612,2.6,3,1628.643628,8,10
Man City,Ipswich,1766.258676,1453.768898,127.5,2,10,1,5,0.5,10,3,7,0,0,4,0,0.8,2,0.6,4,12,-8,0,1,0,3,0,0.8,2.4,312.489777,1.214951481,4.4,1.4,1893.758676,12,9
Southampton,Nott'm Forest,1365.877665,1574.404585,-82.5,-4,5,9,1.25,2.25,2,7,-5,0,1,0,3,0,0.4,1.4,5,7,-2,0,0,1,2,0.2,1,1.4,-208.5269208,0.867551884,1.8,2.4,1283.377665,16,15
Tottenham,Everton,1565.549759,1573.959804,-52.5,1,11,7,2.2,1.4,3,12,-9,0,2,0,4,0,0.6,2.4,7,6,1,2,0,2,2,0.4,1.4,1.2,-8.410045372,0.99465676,1.8,3.8,1513.049759,17,7
Aston Villa,Arsenal,1639.14767,1746.962161,97.5,0,7,8,1.4,1.6,10,3,7,2,0,4,1,0.8,2,0.6,10,6,4,1,0,2,1,0.4,2,1.2,-107.8144907,0.938284587,3.2,2.6,1736.64767,1,0
Bournemouth,Newcastle,1586.826287,1657.056402,7.5,2,10,5,2,1,4,6,-2,0,2,1,2,0.2,0.8,1.2,12,5,7,1,0,3,1,0.6,2.4,1,-70.23011566,0.957617547,1.8,3.6,1594.326287,2,14
Wolves,Chelsea,1523.196733,1641.33892,37.5,1,10,12,2,2.4,6,7,-1,0,3,2,3,0.4,1.2,1.4,7,4,3,1,0,4,1,0.8,1.4,0.8,-118.1421869,0.928020846,2,2.8,1560.696733,19,5
Liverpool,Brentford,1775.13597,1592.687461,37.5,5,12,1,2.4,0.2,11,9,2,0,1,2,2,0.4,2.2,1.8,13,8,5,0,1,4,1,0.8,2.6,1.6,182.4485086,1.114553868,3.8,4.4,1812.63597,11,3
Arsenal,Brighton,1746.962161,1595.794221,7.5,1,7,5,1.4,1,10,7,3,0,0,1,1,0.2,2,1.4,11,9,2,2,0,3,1,0.6,2.2,1.8,151.1679401,1.094728968,3.8,3.6,1754.462161,0,4
Brentford,Southampton,1592.687461,1365.877665,67.5,5,16,1,3.2,0.2,12,6,6,4,0,4,0,0.8,2.4,1.2,2,8,-6,0,0,0,3,0,0.4,1.6,226.8097964,1.166054254,4,1.6,1660.187461,3,16
Everton,Bournemouth,1573.959804,1586.826287,7.5,-1,7,6,1.4,1.2,6,6,0,1,0,2,2,0.4,1.2,1.2,4,3,1,0,1,2,1,0.4,0.8,0.6,-12.86648284,0.991891688,1.8,2,1581.459804,7,2
Ipswich,Fulham,1453.768898,1561.143628,-52.5,0,3,3,1.5,1.5,2,12,-10,0,2,0,4,0,0.4,2.4,4,8,-4,0,2,1,4,0.2,0.8,1.6,-107.3747299,0.931220467,2,3.2,1401.268898,9,8
Leicester,Aston Villa,1454.032862,1639.14767,-22.5,-2,7,8,1.4,1.6,6,8,-2,0,0,1,2,0.2,1.2,1.6,9,3,6,3,0,4,1,0.8,1.8,0.6,-185.1148077,0.887066424,1.8,3.4,1431.532862,10,1
Nott'm Forest,Wolves,1574.404585,1523.196733,-52.5,1,8,5,1.6,1,7,7,0,1,0,2,1,0.4,1.4,1.4,8,5,3,0,2,3,2,0.6,1.6,1,51.2078524,1.033618673,2.4,3,1521.904585,15,19
West Ham,Man City,1528.585579,1766.258676,-52.5,-5,4,16,0.8,3.2,7,7,0,1,0,1,2,0.2,1.4,1.4,8,2,6,1,0,4,0,0.8,1.6,0.4,-237.6730968,0.865436983,1.8,3,1476.085579,18,12
Chelsea,Crystal Palace,1641.33892,1608.655525,97.5,3,8,4,1.6,0.8,8,6,2,0,1,3,1,0.6,1.6,1.2,9,5,4,2,0,2,0,0.4,1.8,1,32.68339468,1.020317212,2.6,3,1738.83892,5,6
Newcastle,Tottenham,1657.056402,1565.549759,127.5,3,15,7,3,1.4,7,6,1,0,1,2,2,0.4,1.4,1.2,5,14,-9,0,1,0,4,0,1,2.8,91.50664387,1.058450166,4.2,2.2,1784.556402,14,17
Man United,Liverpool,1541.950054,1775.13597,-22.5,-2,4,14,0.8,2.8,4,9,-5,0,3,0,4,0,0.8,1.8,11,7,4,0,0,3,1,0.6,2.2,1.4,-233.1859155,0.868637716,2.2,4,1519.450054,13,11
Southampton,Man United,1365.877665,1541.950054,7.5,-3,2,8,0.4,1.6,2,7,-5,0,1,0,3,0,0.4,1.4,5,12,-7,0,2,0,4,0,1,2.4,-176.0723896,0.885811872,2.8,2.4,1373.377665,16,13
Brighton,Ipswich,1595.794221,1453.768898,37.5,1,2,0,1,0,10,9,1,1,0,2,1,0.4,2,1.8,4,12,-8,0,1,0,3,0,0.8,2.4,142.0253222,1.097694566,4.4,2.6,1633.294221,4,9
Crystal Palace,Leicester,1608.655525,1454.032862,97.5,1,7,5,1.4,1,5,8,-3,1,0,1,1,0.2,1,1.6,6,6,0,1,0,2,2,0.4,1.2,1.2,154.6226627,1.106340556,2.2,2.8,1706.155525,6,10
Fulham,West Ham,1561.143628,1528.585579,7.5,0,10,5,2,1,7,9,-2,1,0,2,3,0.4,1.4,1.8,7,7,0,0,1,1,2,0.2,1.4,1.4,32.55804964,1.021299461,2.8,3.2,1568.643628,8,18
Liverpool,Nott'm Forest,1775.13597,1574.404585,7.5,2,8,4,1.6,0.8,11,9,2,0,1,2,2,0.4,2.2,1.8,5,7,-2,0,0,1,2,0.2,1,1.4,200.7313843,1.127496697,3.6,2.8,1782.63597,11,15
Man City,Brentford,1766.258676,1592.687461,97.5,2,8,5,1.6,1,10,3,7,0,0,4,0,0.8,2,0.6,13,8,5,0,1,4,1,0.8,2.6,1.6,173.5712146,1.108980085,3.6,3.2,1863.758676,12,3
Aston Villa,Everton,1639.14767,1573.959804,67.5,4,10,2,2,0.4,10,3,7,2,0,4,1,0.8,2,0.6,7,6,1,2,0,2,2,0.4,1.4,1.2,65.18786621,1.041416475,3.2,2,1706.64767,1,7
Bournemouth,Chelsea,1586.826287,1641.33892,7.5,-3,4,8,0.8,1.6,4,6,-2,0,2,1,2,0.2,0.8,1.2,7,4,3,1,0,4,1,0.8,1.4,0.8,-54.51263308,0.966787705,1.6,2.6,1594.326287,2,5
Tottenham,Arsenal,1565.549759,1746.962161,-22.5,-4,5,10,1,2,3,12,-9,0,2,0,4,0,0.6,2.4,10,6,4,1,0,2,1,0.4,2,1.2,-181.4124023,0.896155506,1.8,4.4,1543.049759,17,0
Wolves,Newcastle,1523.196733,1657.056402,37.5,-4,4,12,0.8,2.4,6,7,-1,0,3,2,3,0.4,1.2,1.4,12,5,7,1,0,3,1,0.6,2.4,1,-133.8596695,0.919218399,2.2,3.8,1560.696733,19,14
West Ham,Chelsea,1528.585579,1641.33892,-52.5,-2,5,12,1,2.4,7,7,0,1,0,1,2,0.2,1.4,1.4,7,4,3,1,0,4,1,0.8,1.4,0.8,-112.7533411,0.931304047,2.2,2.8,1476.085579,18,5
Aston Villa,Wolves,1639.14767,1523.196733,67.5,0,6,5,1.2,1,10,3,7,2,0,4,1,0.8,2,0.6,8,5,3,0,2,3,2,0.6,1.6,1,115.9509372,1.076123415,3,2.2,1706.64767,1,19
Fulham,Newcastle,1561.143628,1657.056402,7.5,-1,5,7,1,1.4,7,9,-2,1,0,2,3,0.4,1.4,1.8,12,5,7,1,0,3,1,0.6,2.4,1,-95.91277401,0.942118582,2.4,4.2,1568.643628,8,14
Leicester,Everton,1454.032862,1573.959804,-22.5,-1,6,9,1.2,1.8,6,8,-2,0,0,1,2,0.2,1.2,1.6,7,6,1,2,0,2,2,0.4,1.4,1.2,-119.9269415,0.923805588,2.4,3,1431.532862,10,7
Liverpool,Bournemouth,1775.13597,1586.826287,67.5,3,12,2,2.4,0.4,11,9,2,0,1,2,2,0.4,2.2,1.8,4,3,1,0,1,2,1,0.4,0.8,0.6,188.3096828,1.118670635,2.8,2.6,1842.63597,11,2
Southampton,Ipswich,1365.877665,1453.768898,-22.5,1,3,2,1.5,1,2,7,-5,0,1,0,3,0,0.4,1.4,4,12,-8,0,1,0,3,0,0.8,2.4,-87.89123396,0.939542499,2.8,2.2,1343.377665,16,9
Tottenham,Brentford,1565.549759,1592.687461,-22.5,2,11,8,2.2,1.6,3,12,-9,0,2,0,4,0,0.6,2.4,13,8,5,0,1,4,1,0.8,2.6,1.6,-27.13770243,0.982961062,2.2,5,1543.049759,17,3
Crystal Palace,Man United,1608.655525,1541.950054,97.5,2,8,2,1.6,0.4,5,8,-3,1,0,1,1,0.2,1,1.6,5,12,-7,0,2,0,4,0,1,2.4,66.70547103,1.043260462,3.4,2.6,1706.155525,6,13
Brighton,Nott'm Forest,1595.794221,1574.404585,-22.5,0,7,14,1.4,2.8,10,9,1,1,0,2,1,0.4,2,1.8,5,7,-2,0,0,1,2,0.2,1,1.4,21.38963544,1.013585857,3.4,2.8,1573.294221,4,15
Man City,Arsenal,1766.258676,1746.962161,97.5,-1,7,9,1.4,1.8,10,3,7,0,0,4,0,0.8,2,0.6,10,6,4,1,0,2,1,0.4,2,1.2,19.29651471,1.011045754,3.2,2.6,1863.758676,12,0
Newcastle,Man City,1657.056402,1766.258676,67.5,-4,3,11,0.6,2.2,7,6,1,0,1,2,2,0.4,1.4,1.2,8,2,6,1,0,4,0,0.8,1.6,0.4,-109.2022731,0.938173114,1.8,2.8,1724.556402,14,12
Arsenal,Leicester,1746.962161,1454.032862,67.5,5,13,4,2.6,0.8,10,7,3,0,0,1,1,0.2,2,1.4,6,6,0,1,0,2,2,0.4,1.2,1.2,292.9292984,1.201459889,3.2,2.6,1814.462161,0,10
Brentford,West Ham,1592.687461,1528.585579,7.5,2,9,7,1.8,1.4,12,6,6,4,0,4,0,0.8,2.4,1.2,7,7,0,0,1,1,2,0.2,1.4,1.4,64.10188221,1.041935423,3.8,2.6,1600.187461,3,18
Chelsea,Brighton,1641.33892,1595.794221,67.5,1,10,10,2,2,8,6,2,0,1,3,1,0.6,1.6,1.2,11,9,2,2,0,3,1,0.6,2.2,1.8,45.5446991,1.028540459,3.4,3.4,1708.83892,5,4
Everton,Crystal Palace,1573.959804,1608.655525,7.5,3,8,5,1.6,1,6,6,0,1,0,2,2,0.4,1.2,1.2,9,5,4,2,0,2,0,0.4,1.8,1,-34.69572123,0.978431852,2.2,3,1581.459804,7,6
Nott'm Forest,Fulham,1574.404585,1561.143628,-22.5,-3,4,11,0.8,2.2,7,7,0,1,0,2,1,0.4,1.4,1.4,4,8,-4,0,2,1,4,0.2,0.8,1.6,13.26095689,1.008494386,3,2.2,1551.904585,15,8
Wolves,Liverpool,1523.196733,1775.13597,37.5,-5,3,11,0.6,2.2,6,7,-1,0,3,2,3,0.4,1.2,1.4,11,7,4,0,0,3,1,0.6,2.2,1.4,-251.9392367,0.858073274,2.6,3.6,1560.696733,19,11
Ipswich,Aston Villa,1453.768898,1639.14767,-82.5,0,3,3,1.5,1.5,2,12,-10,0,2,0,4,0,0.4,2.4,9,3,6,3,0,4,1,0.8,1.8,0.6,-185.3787716,0.886905387,1,4.2,1371.268898,9,1
Man United,Tottenham,1541.950054,1565.549759,37.5,-3,4,10,0.8,2,4,9,-5,0,3,0,4,0,0.8,1.8,5,14,-9,0,1,0,4,0,1,2.8,-23.59970442,0.984925612,3.6,2.8,1579.450054,13,17
Bournemouth,Southampton,1586.826287,1365.877665,67.5,1,7,5,1.4,1,4,6,-2,0,2,1,2,0.2,0.8,1.2,2,8,-6,0,0,0,3,0,0.4,1.6,220.9486222,1.161763112,2.4,1.6,1654.326287,2,16
Crystal Palace,Liverpool,1608.655525,1775.13597,37.5,-1,3,4,0.6,0.8,5,8,-3,1,0,1,1,0.2,1,1.6,11,7,4,0,0,3,1,0.6,2.2,1.4,-166.4804445,0.906215384,2.4,3.8,1646.155525,6,11
Arsenal,Southampton,1746.962161,1365.877665,67.5,1,9,7,1.8,1.4,10,7,3,0,0,1,1,0.2,2,1.4,2,8,-6,0,0,0,3,0,0.4,1.6,381.0844963,1.279003388,3.6,1.8,1814.462161,0,16
Brentford,Wolves,1592.687461,1523.196733,-22.5,0,9,10,1.8,2,12,6,6,4,0,4,0,0.8,2.4,1.2,8,5,3,0,2,3,2,0.6,1.6,1,69.49072808,1.045621637,3.4,2.8,1570.187461,3,19
Leicester,Bournemouth,1454.032862,1586.826287,37.5,-3,3,9,0.6,1.8,6,8,-2,0,0,1,2,0.2,1.2,1.6,4,3,1,0,1,2,1,0.4,0.8,0.6,-132.7934243,0.916315084,1.8,2.4,1491.532862,10,2
Man City,Fulham,1766.258676,1561.143628,97.5,5,16,4,3.2,0.8,10,3,7,0,0,4,0,0.8,2,0.6,4,8,-4,0,2,1,4,0.2,0.8,1.6,205.1150471,1.131387685,3.6,1.4,1863.758676,12,8
West Ham,Ipswich,1528.585579,1453.768898,-22.5,2,7,2,3.5,1,7,7,0,1,0,1,2,0.2,1.4,1.4,4,12,-8,0,1,0,3,0,0.8,2.4,74.81668026,1.051463943,3.8,2.2,1506.085579,18,9
Everton,Newcastle,1573.959804,1657.056402,-22.5,1,6,5,1.2,1,6,6,0,1,0,2,2,0.4,1.2,1.2,12,5,7,1,0,3,1,0.6,2.4,1,-83.0965985,0.949852885,2.2,3.6,1551.459804,7,14
Aston Villa,Man United,1639.14767,1541.950054,157.5,-4,3,8,0.6,1.6,10,3,7,2,0,4,1,0.8,2,0.6,5,12,-7,0,2,0,4,0,1,2.4,97.197616,1.063035515,4.4,1.6,1796.64767,1,13
Chelsea,Nott'm Forest,1641.33892,1574.404585,37.5,1,7,6,1.4,1.2,8,6,2,0,1,3,1,0.6,1.6,1.2,5,7,-2,0,0,1,2,0.2,1,1.4,66.93433454,1.042514062,3,2.2,1678.83892,5,15
Brighton,Tottenham,1595.794221,1565.549759,67.5,1,13,9,2.6,1.8,10,9,1,1,0,2,1,0.4,2,1.8,5,14,-9,0,1,0,4,0,1,2.8,30.24446219,1.019318749,4.8,2.8,1663.294221,4,17
Tottenham,West Ham,1565.549759,1528.585579,-22.5,1,9,5,1.8,1,3,12,-9,0,2,0,4,0,0.6,2.4,7,7,0,0,1,1,2,0.2,1.4,1.4,36.96417979,1.02418195,2,3.8,1543.049759,17,18
Fulham,Aston Villa,1561.143628,1639.14767,-22.5,-5,3,10,0.6,2,7,9,-2,1,0,2,3,0.4,1.4,1.8,9,3,6,3,0,4,1,0.8,1.8,0.6,-78.00404173,0.952411828,2,3.6,1538.643628,8,1
Ipswich,Everton,1453.768898,1573.959804,-82.5,-1,2,4,1,2,2,12,-10,0,2,0,4,0,0.4,2.4,7,6,1,2,0,2,2,0.4,1.4,1.2,-120.1909054,0.923637881,1.6,3.8,1371.268898,9,7
Man United,Brentford,1541.950054,1592.687461,-22.5,2,9,7,1.8,1.4,4,9,-5,0,3,0,4,0,0.8,1.8,13,8,5,0,1,4,1,0.8,2.6,1.6,-50.73740685,0.968143526,2.4,4.4,1519.450054,13,3
Newcastle,Brighton,1657.056402,1595.794221,67.5,-1,7,7,1.4,1.4,7,6,1,0,1,2,2,0.4,1.4,1.2,11,9,2,2,0,3,1,0.6,2.2,1.8,61.26218168,1.038389775,3.2,3.4,1724.556402,14,4
Southampton,Leicester,1365.877665,1454.032862,7.5,-1,6,10,1.2,2,2,7,-5,0,1,0,3,0,0.4,1.4,6,6,0,1,0,2,2,0.4,1.2,1.2,-88.1551979,0.939371936,1.6,2.6,1373.377665,16,10
Bournemouth,Arsenal,1586.826287,1746.962161,7.5,-1,6,11,1.2,2.2,4,6,-2,0,2,1,2,0.2,0.8,1.2,10,6,4,1,0,2,1,0.4,2,1.2,-160.1358741,0.908334664,2,3.2,1594.326287,2,0
Wolves,Man City,1523.196733,1766.258676,37.5,-3,4,12,0.8,2.4,6,7,-1,0,3,2,3,0.4,1.2,1.4,8,2,6,1,0,4,0,0.8,1.6,0.4,-243.0619426,0.862385988,1.6,3,1560.696733,19,12
Liverpool,Chelsea,1775.13597,1641.33892,37.5,1,8,6,1.6,1.2,11,9,2,0,1,2,2,0.4,2.2,1.8,7,4,3,1,0,4,1,0.8,1.4,0.8,133.7970498,1.081517015,3,3.2,1812.63597,11,5
Nott'm Forest,Crystal Palace,1574.404585,1608.655525,7.5,1,4,3,0.8,0.6,7,7,0,1,0,2,1,0.4,1.4,1.4,9,5,4,2,0,2,0,0.4,1.8,1,-34.25093985,0.978708344,2.4,3.2,1581.904585,15,6
Leicester,Nott'm Forest,1454.032862,1574.404585,-22.5,-1,7,7,1.75,1.75,6,8,-2,0,0,1,2,0.2,1.2,1.6,5,7,-2,0,0,1,2,0.2,1,1.4,-120.3717229,0.923544606,2.6,2.6,1431.532862,10,15
Aston Villa,Bournemouth,1639.14767,1586.826287,127.5,3,10,4,2,0.8,10,3,7,2,0,4,1,0.8,2,0.6,4,3,1,0,1,2,1,0.4,0.8,0.6,52.32138337,1.032972345,2.6,1.4,1766.64767,1,2
Brentford,Ipswich,1592.687461,1453.768898,37.5,2,5,3,2.5,1.5,12,6,6,4,0,4,0,0.8,2.4,1.2,4,12,-8,0,1,0,3,0,0.8,2.4,138.9185625,1.095557528,4.8,2,1630.187461,3,9
Brighton,Wolves,1595.794221,1523.196733,-22.5,3,14,3,2.8,0.6,10,9,1,1,0,2,1,0.4,2,1.8,8,5,3,0,2,3,2,0.6,1.6,1,72.59748784,1.047661268,3,3.4,1573.294221,4,19
Man City,Southampton,1766.258676,1365.877665,157.5,3,10,2,2,0.4,10,3,7,0,0,4,0,0.8,2,0.6,2,8,-6,0,0,0,3,0,0.4,1.6,400.381011,1.293130945,3.6,1,1923.758676,12,16
Everton,Fulham,1573.959804,1561.143628,-22.5,-1,5,6,1,1.2,6,6,0,1,0,2,2,0.4,1.2,1.2,4,8,-4,0,2,1,4,0.2,0.8,1.6,12.81617552,1.008209479,2.8,2,1551.459804,7,8
Chelsea,Newcastle,1641.33892,1657.056402,67.5,0,7,10,1.4,2,8,6,2,0,1,3,1,0.6,1.6,1.2,12,5,7,1,0,3,1,0.6,2.4,1,-15.71748258,0.990514817,2.6,3.6,1708.83892,5,14
Crystal Palace,Tottenham,1608.655525,1565.549759,97.5,-1,5,6,1,1.2,5,8,-3,1,0,1,1,0.2,1,1.6,5,14,-9,0,1,0,4,0,1,2.8,43.1057666,1.027533949,3.8,2.6,1706.155525,6,17
West Ham,Man United,1528.585579,1541.950054,7.5,3,7,4,1.4,0.8,7,7,0,1,0,1,2,0.2,1.4,1.4,5,12,-7,0,2,0,4,0,1,2.4,-13.36447536,0.991332744,3.8,2.4,1536.085579,18,13
Arsenal,Liverpool,1746.962161,1775.13597,7.5,1,10,8,2,1.6,10,7,3,0,0,1,1,0.2,2,1.4,11,7,4,0,0,3,1,0.6,2.2,1.4,-28.17380877,0.984128647,3.4,3.6,1754.462161,0,11
Newcastle,Arsenal,1657.056402,1746.962161,67.5,-1,3,7,0.6,1.4,7,6,1,0,1,2,2,0.4,1.4,1.2,10,6,4,1,0,2,1,0.4,2,1.2,-89.90575842,0.948535944,2.6,3.2,1724.556402,14,0
Bournemouth,Man City,1586.826287,1766.258676,7.5,-3,5,15,1,3,4,6,-2,0,2,1,2,0.2,0.8,1.2,8,2,6,1,0,4,0,0.8,1.6,0.4,-179.4323888,0.898411036,1.2,2.8,1594.326287,2,12
Ipswich,Leicester,1453.768898,1454.032862,7.5,-1,1,3,0.5,1.5,2,12,-10,0,2,0,4,0,0.4,2.4,6,6,0,1,0,2,2,0.4,1.2,1.2,-0.263963937,0.999818461,1.6,3.6,1461.268898,9,10
Liverpool,Brighton,1775.13597,1595.794221,37.5,0,8,10,1.6,2,11,9,2,0,1,2,2,0.4,2.2,1.8,11,9,2,2,0,3,1,0.6,2.2,1.8,179.3417489,1.112384007,4,4,1812.63597,11,4
Nott'm Forest,West Ham,1574.404585,1528.585579,-22.5,1,9,8,1.8,1.6,7,7,0,1,0,2,1,0.4,1.4,1.4,7,7,0,0,1,1,2,0.2,1.4,1.4,45.81900654,1.029974774,2.8,2.8,1551.904585,15,18
Southampton,Everton,1365.877665,1573.959804,-82.5,1,6,5,1.2,1,2,7,-5,0,1,0,3,0,0.4,1.4,7,6,1,2,0,2,2,0.4,1.4,1.2,-208.0821394,0.867797044,1.6,2.8,1283.377665,16,7
Wolves,Crystal Palace,1523.196733,1608.655525,67.5,-2,9,12,1.8,2.4,6,7,-1,0,3,2,3,0.4,1.2,1.4,9,5,4,2,0,2,0,0.4,1.8,1,-85.45879225,0.946875642,2.2,3.2,1590.696733,19,6
Tottenham,Aston Villa,1565.549759,1639.14767,-52.5,-1,10,7,2,1.4,3,12,-9,0,2,0,4,0,0.6,2.4,9,3,6,3,0,4,1,0.8,1.8,0.6,-73.59791158,0.955099889,1.2,4.2,1513.049759,17,1
Man United,Chelsea,1541.950054,1641.33892,-22.5,0,10,8,2,1.6,4,9,-5,0,3,0,4,0,0.8,1.8,7,4,3,1,0,4,1,0.8,1.4,0.8,-99.38886571,0.93944647,1.6,3.2,1519.450054,13,5
Fulham,Brentford,1561.143628,1592.687461,7.5,0,7,9,1.4,1.8,7,9,-2,1,0,2,3,0.4,1.4,1.8,13,8,5,0,1,4,1,0.8,2.6,1.6,-31.54383257,0.980194587,3,4.4,1568.643628,8,3
Brentford,Bournemouth,1592.687461,1586.826287,37.5,4,11,6,2.2,1.2,12,6,6,4,0,4,0,0.8,2.4,1.2,4,3,1,0,1,2,1,0.4,0.8,0.6,5.861174215,1.003693646,3,2,1630.187461,3,2
Crystal Palace,Fulham,1608.655525,1561.143628,37.5,0,5,5,1,1,5,8,-3,1,0,1,1,0.2,1,1.6,4,8,-4,0,2,1,4,0.2,0.8,1.6,47.51189675,1.030434033,2.6,2.4,1646.155525,6,8
West Ham,Everton,1528.585579,1573.959804,-82.5,1,6,3,1.2,0.6,7,7,0,1,0,1,2,0.2,1.4,1.4,7,6,1,2,0,2,2,0.4,1.4,1.2,-45.37422516,0.971171929,2.6,2.8,1446.085579,18,7
Wolves,Southampton,1523.196733,1365.877665,97.5,5,10,3,2,0.6,6,7,-1,0,3,2,3,0.4,1.2,1.4,2,8,-6,0,0,0,3,0,0.4,1.6,157.3190684,1.115178008,2.8,1.8,1620.696733,19,16
Brighton,Man City,1595.794221,1766.258676,7.5,-1,6,10,1.2,2,10,9,1,1,0,2,1,0.4,2,1.8,8,2,6,1,0,4,0,0.8,1.6,0.4,-170.4644548,0.903488398,2.4,3.4,1603.294221,4,12
Liverpool,Aston Villa,1775.13597,1639.14767,7.5,2,11,6,2.2,1.2,11,9,2,0,1,2,2,0.4,2.2,1.8,9,3,6,3,0,4,1,0.8,1.8,0.6,135.9882995,1.082962812,2.8,3.6,1782.63597,11,1
Man United,Leicester,1541.950054,1454.032862,37.5,4,11,1,2.2,0.2,4,9,-5,0,3,0,4,0,0.8,1.8,6,6,0,1,0,2,2,0.4,1.2,1.2,87.91719168,1.060464377,2,3,1579.450054,13,10
Nott'm Forest,Newcastle,1574.404585,1657.056402,-22.5,-3,10,13,2,2.6,7,7,0,1,0,2,1,0.4,1.4,1.4,12,5,7,1,0,3,1,0.6,2.4,1,-82.65181712,0.950121301,2.4,3.8,1551.904585,15,14
Tottenham,Ipswich,1565.549759,1453.768898,7.5,0,5,3,2.5,1.5,3,12,-9,0,2,0,4,0,0.6,2.4,4,12,-8,0,1,0,3,0,0.8,2.4,111.78086,1.076890392,3,3.2,1573.049759,17,9
Chelsea,Arsenal,1641.33892,1746.962161,67.5,-3,4,12,0.8,2.4,8,6,2,0,1,3,1,0.6,1.6,1.2,10,6,4,1,0,2,1,0.4,2,1.2,-105.623241,0.939538907,2.8,3.2,1708.83892,5,0
Leicester,Chelsea,1454.032862,1641.33892,7.5,-4,4,9,0.8,1.8,6,8,-2,0,0,1,2,0.2,1.2,1.6,7,4,3,1,0,4,1,0.8,1.4,0.8,-187.3060574,0.885882157,2,3,1461.532862,10,5
Arsenal,Nott'm Forest,1746.962161,1574.404585,-22.5,2,7,3,1.4,0.6,10,7,3,0,0,1,1,0.2,2,1.4,5,7,-2,0,0,1,2,0.2,1,1.4,172.5575755,1.109601799,3.4,2.4,1724.462161,0,15
Aston Villa,Crystal Palace,1639.14767,1608.655525,127.5,0,7,12,1.4,2.4,10,3,7,2,0,4,1,0.8,2,0.6,9,5,4,2,0,2,0,0.4,1.8,1,30.49214498,1.018955049,3,2.4,1766.64767,1,6
Bournemouth,Brighton,1586.826287,1595.794221,7.5,-3,6,9,1.2,1.8,4,6,-2,0,2,1,2,0.2,0.8,1.2,11,9,2,2,0,3,1,0.6,2.2,1.8,-8.967933977,0.994380269,2.6,3.4,1594.326287,2,4
Everton,Brentford,1573.959804,1592.687461,-22.5,3,6,2,1.2,0.4,6,6,0,1,0,2,2,0.4,1.2,1.2,13,8,5,0,1,4,1,0.8,2.6,1.6,-18.72765705,0.988241474,2.8,3.8,1551.459804,7,3
Fulham,Wolves,1561.143628,1523.196733,-22.5,0,8,10,1.6,2,7,9,-2,1,0,2,3,0.4,1.4,1.8,8,5,3,0,2,3,2,0.6,1.6,1,37.94689551,1.024912669,2.4,3.4,1538.643628,8,19
Man City,Tottenham,1766.258676,1565.549759,157.5,0,6,8,1.2,1.6,10,3,7,0,0,4,0,0.8,2,0.6,5,14,-9,0,1,0,4,0,1,2.8,200.708917,1.128203474,4.8,1.6,1923.758676,12,17
Southampton,Liverpool,1365.877665,1775.13597,-52.5,-4,9,15,1.8,3,2,7,-5,0,1,0,3,0,0.4,1.4,11,7,4,0,0,3,1,0.6,2.2,1.4,-409.2583051,0.769449602,1.8,3.6,1313.377665,16,11
Ipswich,Man United,1453.768898,1541.950054,7.5,-1,3,4,1.5,2,2,12,-10,0,2,0,4,0,0.4,2.4,5,12,-7,0,2,0,4,0,1,2.4,-88.18115562,0.942811925,2.8,3.4,1461.268898,9,13
Newcastle,West Ham,1657.056402,1528.585579,67.5,2,12,8,2.4,1.6,7,6,1,0,1,2,2,0.4,1.4,1.2,7,7,0,0,1,1,2,0.2,1.4,1.4,128.4708237,1.084045555,2.8,2.6,1724.556402,14,18
Brighton,Southampton,1595.794221,1365.877665,67.5,3,13,5,2.6,1,10,9,1,1,0,2,1,0.4,2,1.8,2,8,-6,0,0,0,3,0,0.4,1.6,229.9165562,1.168328806,3.6,2.2,1663.294221,4,16
Brentford,Leicester,1592.687461,1454.032862,67.5,1,12,6,2.4,1.2,12,6,6,4,0,4,0,0.8,2.4,1.2,6,6,0,1,0,2,2,0.4,1.2,1.2,138.6545985,1.095358642,3.6,2.4,1660.187461,3,10
Crystal Palace,Newcastle,1608.655525,1657.056402,37.5,-1,3,10,0.6,2,5,8,-3,1,0,1,1,0.2,1,1.6,12,5,7,1,0,3,1,0.6,2.4,1,-48.40087726,0.97079105,2,4,1646.155525,6,14
Nott'm Forest,Ipswich,1574.404585,1453.768898,7.5,2,5,2,2.5,1,7,7,0,1,0,2,1,0.4,1.4,1.4,4,12,-8,0,1,0,3,0,0.8,2.4,120.6356868,1.082981337,3.8,2.2,1581.904585,15,9
Wolves,Bournemouth,1523.196733,1586.826287,67.5,-1,5,7,1,1.4,6,7,-1,0,3,2,3,0.4,1.2,1.4,4,3,1,0,1,2,1,0.4,0.8,0.6,-63.62955386,0.959901374,1.8,2.2,1590.696733,19,2
West Ham,Arsenal,1528.585579,1746.962161,-52.5,0,7,13,1.4,2.6,7,7,0,1,0,1,2,0.2,1.4,1.4,10,6,4,1,0,2,1,0.4,2,1.2,-218.3765821,0.874996387,2.6,3.4,1476.085579,18,0
Chelsea,Aston Villa,1641.33892,1639.14767,37.5,-2,6,7,1.2,1.4,8,6,2,0,1,3,1,0.6,1.6,1.2,9,3,6,3,0,4,1,0.8,1.8,0.6,2.191249704,1.001336823,2.2,3,1678.83892,5,1
Man United,Everton,1541.950054,1573.959804,-52.5,4,13,2,2.6,0.4,4,9,-5,0,3,0,4,0,0.8,1.8,7,6,1,2,0,2,2,0.4,1.4,1.2,-32.00974979,0.979662918,2,3.2,1489.450054,13,7
Tottenham,Fulham,1565.549759,1561.143628,-22.5,0,4,6,0.8,1.2,3,12,-9,0,2,0,4,0,0.6,2.4,4,8,-4,0,2,1,4,0.2,0.8,1.6,4.406130144,1.002822373,2.2,3.2,1543.049759,17,8
Liverpool,Man City,1775.13597,1766.258676,37.5,1,7,6,1.4,1.2,11,9,2,0,1,2,2,0.4,2.2,1.8,8,2,6,1,0,4,0,0.8,1.6,0.4,8.877294062,1.005026044,2.6,3.4,1812.63597,11,12
Ipswich,Crystal Palace,1453.768898,1608.655525,-22.5,-2,0,2,0,1,2,12,-10,0,2,0,4,0,0.4,2.4,9,5,4,2,0,2,0,0.4,1.8,1,-154.8866266,0.903716722,1.4,4.2,1431.268898,9,6
Leicester,West Ham,1454.032862,1528.585579,7.5,2,9,6,1.8,1.2,6,8,-2,0,0,1,2,0.2,1.2,1.6,7,7,0,0,1,1,2,0.2,1.4,1.4,-74.55271632,0.951227646,2.6,3,1461.532862,10,18
Everton,Wolves,1573.959804,1523.196733,-52.5,-1,6,6,1.2,1.2,6,6,0,1,0,2,2,0.4,1.2,1.2,8,5,3,0,2,3,2,0.6,1.6,1,50.76307102,1.033326667,2.2,2.8,1521.459804,7,19
Man City,Nott'm Forest,1766.258676,1574.404585,67.5,2,8,2,1.6,0.4,10,3,7,0,0,4,0,0.8,2,0.6,5,7,-2,0,0,1,2,0.2,1,1.4,191.8540902,1.121858188,3.4,1.6,1833.758676,12,15
Newcastle,Liverpool,1657.056402,1775.13597,67.5,-4,6,13,1.2,2.6,7,6,1,0,1,2,2,0.4,1.4,1.2,11,7,4,0,0,3,1,0.6,2.2,1.4,-118.0795672,0.933481396,2.8,3.4,1724.556402,14,11
Southampton,Chelsea,1365.877665,1641.33892,-52.5,-1,4,16,0.8,3.2,2,7,-5,0,1,0,3,0,0.4,1.4,7,4,3,1,0,4,1,0.8,1.4,0.8,-275.4612553,0.832172836,1.2,2.8,1313.377665,16,5
Arsenal,Man United,1746.962161,1541.950054,67.5,4,10,4,2,0.8,10,7,3,0,0,1,1,0.2,2,1.4,5,12,-7,0,2,0,4,0,1,2.4,205.0121067,1.132956386,4.4,2.4,1814.462161,0,13
Aston Villa,Brentford,1639.14767,1592.687461,97.5,3,10,6,2,1.2,10,3,7,2,0,4,1,0.8,2,0.6,13,8,5,0,1,4,1,0.8,2.6,1.6,46.46020916,1.029170952,3.6,3.2,1736.64767,1,3
Fulham,Brighton,1561.143628,1595.794221,7.5,2,9,4,1.8,0.8,7,9,-2,1,0,2,3,0.4,1.4,1.8,11,9,2,2,0,3,1,0.6,2.2,1.8,-34.65059233,0.978286303,3.2,4,1568.643628,8,4
Bournemouth,Tottenham,1586.826287,1565.549759,67.5,0,7,9,1.4,1.8,4,6,-2,0,2,1,2,0.2,0.8,1.2,5,14,-9,0,1,0,4,0,1,2.8,21.27652821,1.013590452,3.6,2.2,1654.326287,2,17
Aston Villa,Southampton,1639.14767,1365.877665,157.5,5,10,0,2,0,10,3,7,2,0,4,1,0.8,2,0.6,2,8,-6,0,0,0,3,0,0.4,1.6,273.2700056,1.200069166,3.6,1,1796.64767,1,16
Brentford,Newcastle,1592.687461,1657.056402,7.5,-3,8,11,1.6,2.2,12,6,6,4,0,4,0,0.8,2.4,1.2,12,5,7,1,0,3,1,0.6,2.4,1,-64.36894144,0.961154647,3.4,3.6,1600.187461,3,14
Crystal Palace,Man City,1608.655525,1766.258676,37.5,-3,8,14,1.6,2.8,5,8,-3,1,0,1,1,0.2,1,1.6,8,2,6,1,0,4,0,0.8,1.6,0.4,-157.6031504,0.910770063,1.4,3.2,1646.155525,6,12
Man United,Nott'm Forest,1541.950054,1574.404585,-52.5,-1,8,8,1.6,1.6,4,9,-5,0,3,0,4,0,0.8,1.8,5,7,-2,0,0,1,2,0.2,1,1.4,-32.45453117,0.979386156,2.2,2.8,1489.450054,13,15
Fulham,Arsenal,1561.143628,1746.962161,7.5,-1,6,9,1.2,1.8,7,9,-2,1,0,2,3,0.4,1.4,1.8,10,6,4,1,0,2,1,0.4,2,1.2,-185.8185324,0.893633339,2.6,3.8,1568.643628,8,0
Ipswich,Bournemouth,1453.768898,1586.826287,-22.5,0,3,3,1.5,1.5,2,12,-10,0,2,0,4,0,0.4,2.4,4,3,1,0,1,2,1,0.4,0.8,0.6,-133.0573883,0.916148737,1,3.2,1431.268898,9,2
Leicester,Brighton,1454.032862,1595.794221,7.5,-1,9,12,1.8,2.4,6,8,-2,0,0,1,2,0.2,1.2,1.6,11,9,2,2,0,3,1,0.6,2.2,1.8,-141.7613583,0.91116564,3,3.8,1461.532862,10,4
Tottenham,Chelsea,1565.549759,1641.33892,-22.5,-3,6,11,1.2,2.2,3,12,-9,0,2,0,4,0,0.6,2.4,7,4,3,1,0,4,1,0.8,1.4,0.8,-75.78916129,0.953824795,1.4,3.8,1543.049759,17,5
West Ham,Wolves,1528.585579,1523.196733,-82.5,1,7,4,1.4,0.8,7,7,0,1,0,1,2,0.2,1.4,1.4,8,5,3,0,2,3,2,0.6,1.6,1,5.388845865,1.003537853,2.4,3,1446.085579,18,19
Arsenal,Everton,1746.962161,1573.959804,-22.5,3,8,2,1.6,0.4,10,7,3,0,0,1,1,0.2,2,1.4,7,6,1,2,0,2,2,0.4,1.4,1.2,173.0023569,1.109915359,3.2,2.8,1724.462161,0,7
Liverpool,Fulham,1775.13597,1561.143628,37.5,2,12,9,2.4,1.8,11,9,2,0,1,2,2,0.4,2.2,1.8,4,8,-4,0,2,1,4,0.2,0.8,1.6,213.9923412,1.137074089,3.8,2.6,1812.63597,11,8
Newcastle,Leicester,1657.056402,1454.032862,127.5,4,12,1,2.4,0.2,7,6,1,0,1,2,2,0.4,1.4,1.2,6,6,0,1,0,2,2,0.4,1.2,1.2,203.02354,1.13962789,2.6,2.4,1784.556402,14,10
Wolves,Ipswich,1523.196733,1453.768898,67.5,0,3,3,1.5,1.5,6,7,-1,0,3,2,3,0.4,1.2,1.4,4,12,-8,0,1,0,3,0,0.8,2.4,69.42783439,1.047757133,3.6,2.2,1590.696733,19,9
Nott'm Forest,Aston Villa,1574.404585,1639.14767,-52.5,-1,7,9,1.4,1.8,7,7,0,1,0,2,1,0.4,1.4,1.4,9,3,6,3,0,4,1,0.8,1.8,0.6,-64.74308483,0.960501982,2,3.2,1521.904585,15,1
Brighton,Crystal Palace,1595.794221,1608.655525,37.5,0,8,7,1.6,1.4,10,9,1,1,0,2,1,0.4,2,1.8,9,5,4,2,0,2,0,0.4,1.8,1,-12.86130442,0.992004936,3,3.6,1633.294221,4,6
Man City,Man United,1766.258676,1541.950054,157.5,0,8,5,1.6,1,10,3,7,0,0,4,0,0.8,2,0.6,5,12,-7,0,2,0,4,0,1,2.4,224.3086214,1.145470744,4.4,1.6,1923.758676,12,13
Chelsea,Brentford,1641.33892,1592.687461,67.5,-1,4,7,0.8,1.4,8,6,2,0,1,3,1,0.6,1.6,1.2,13,8,5,0,1,4,1,0.8,2.6,1.6,48.65145886,1.030546771,3.2,3.8,1708.83892,5,3
Southampton,Tottenham,1365.877665,1565.549759,7.5,-2,8,17,1.6,3.4,2,7,-5,0,1,0,3,0,0.4,1.4,5,14,-9,0,1,0,4,0,1,2.8,-199.672094,0.872458801,3.2,2.4,1373.377665,16,17
Bournemouth,West Ham,1586.826287,1528.585579,7.5,-1,5,9,1,1.8,4,6,-2,0,2,1,2,0.2,0.8,1.2,7,7,0,0,1,1,2,0.2,1.4,1.4,58.240708,1.038101045,2.2,2.6,1594.326287,2,18
Aston Villa,Man City,1639.14767,1766.258676,97.5,-1,6,10,1.2,2,10,3,7,2,0,4,1,0.8,2,0.6,8,2,6,1,0,4,0,0.8,1.6,0.4,-127.1110054,0.928033755,2.4,2.2,1736.64767,1,12
Brentford,Nott'm Forest,1592.687461,1574.404585,-22.5,2,8,6,1.6,1.2,12,6,6,4,0,4,0,0.8,2.4,1.2,5,7,-2,0,0,1,2,0.2,1,1.4,18.28287567,1.011612565,3.8,2.2,1570.187461,3,15
Ipswich,Newcastle,1453.768898,1657.056402,-52.5,-2,0,7,0,3.5,2,12,-10,0,2,0,4,0,0.4,2.4,12,5,7,1,0,3,1,0.6,2.4,1,-203.2875039,0.877320106,1.4,4.8,1401.268898,9,14
West Ham,Brighton,1528.585579,1595.794221,-52.5,-1,6,9,1.2,1.8,7,7,0,1,0,1,2,0.2,1.4,1.4,11,9,2,2,0,3,1,0.6,2.2,1.8,-67.20864197,0.957883892,3.2,3.6,1476.085579,18,4
Crystal Palace,Arsenal,1608.655525,1746.962161,37.5,-4,4,17,0.8,3.4,5,8,-3,1,0,1,1,0.2,1,1.6,10,6,4,1,0,2,1,0.4,2,1.2,-138.3066357,0.920830205,2.2,3.6,1646.155525,6,0
Everton,Chelsea,1573.959804,1641.33892,-22.5,-1,4,9,0.8,1.8,6,6,0,1,0,2,2,0.4,1.2,1.2,7,4,3,1,0,4,1,0.8,1.4,0.8,-67.37911591,0.958948688,2,2.6,1551.459804,7,5
Fulham,Southampton,1561.143628,1365.877665,67.5,2,7,5,1.4,1,7,9,-2,1,0,2,3,0.4,1.4,1.8,2,8,-6,0,0,0,3,0,0.4,1.6,195.2659639,1.142960068,3,2.2,1628.643628,8,16
Leicester,Wolves,1454.032862,1523.196733,-22.5,-1,7,9,1.4,1.8,6,8,-2,0,0,1,2,0.2,1.2,1.6,8,5,3,0,2,3,2,0.6,1.6,1,-69.16387045,0.95459295,2.2,3.2,1431.532862,10,19
Man United,Bournemouth,1541.950054,1586.826287,7.5,-1,4,9,0.8,1.8,4,9,-5,0,3,0,4,0,0.8,1.8,4,3,1,0,1,2,1,0.4,0.8,0.6,-44.87623263,0.971719505,1.4,2.6,1549.450054,13,2
Tottenham,Liverpool,1565.549759,1775.13597,-22.5,-3,11,20,2.2,4,3,12,-9,0,2,0,4,0,0.6,2.4,11,7,4,0,0,3,1,0.6,2.2,1.4,-209.5862111,0.881932306,2,4.6,1543.049759,17,11
Man City,Everton,1766.258676,1573.959804,67.5,4,11,2,2.2,0.4,10,3,7,0,0,4,0,0.8,2,0.6,7,6,1,2,0,2,2,0.4,1.4,1.2,192.2988716,1.122175211,3.2,2,1833.758676,12,7
Bournemouth,Crystal Palace,1586.826287,1608.655525,37.5,1,3,2,0.6,0.4,4,6,-2,0,2,1,2,0.2,0.8,1.2,9,5,4,2,0,2,0,0.4,1.8,1,-21.82923839,0.986430135,1.8,3,1624.326287,2,6
Chelsea,Fulham,1641.33892,1561.143628,67.5,2,6,3,1.2,0.6,8,6,2,0,1,3,1,0.6,1.6,1.2,4,8,-4,0,2,1,4,0.2,0.8,1.6,80.19529143,1.051369579,3.2,2,1708.83892,5,8
Newcastle,Aston Villa,1657.056402,1639.14767,37.5,1,12,9,2.4,1.8,7,6,1,0,1,2,2,0.4,1.4,1.2,9,3,6,3,0,4,1,0.8,1.8,0.6,17.90873229,1.010925637,2,3,1694.556402,14,1
Nott'm Forest,Tottenham,1574.404585,1565.549759,37.5,-1,5,9,1,1.8,7,7,0,1,0,2,1,0.4,1.4,1.4,5,14,-9,0,1,0,4,0,1,2.8,8.854826751,1.005656049,4.2,2.4,1611.904585,15,17
Southampton,West Ham,1365.877665,1528.585579,-52.5,-1,5,6,1,1.2,2,7,-5,0,1,0,3,0,0.4,1.4,7,7,0,0,1,1,2,0.2,1.4,1.4,-162.7079142,0.893556555,1.8,2.8,1313.377665,16,18
Wolves,Man United,1523.196733,1541.950054,97.5,-1,6,7,1.2,1.4,6,7,-1,0,3,2,3,0.4,1.2,1.4,5,12,-7,0,2,0,4,0,1,2.4,-18.75332123,0.987837919,3.6,2.4,1620.696733,19,13
Liverpool,Leicester,1775.13597,1454.032862,97.5,5,11,2,2.2,0.4,11,9,2,0,1,2,2,0.4,2.2,1.8,6,6,0,1,0,2,2,0.4,1.2,1.2,321.1031072,1.22083621,3.4,3,1872.63597,11,10
Brighton,Brentford,1595.794221,1592.687461,7.5,0,7,8,1.4,1.6,10,9,1,1,0,2,1,0.4,2,1.8,13,8,5,0,1,4,1,0.8,2.6,1.6,3.106759762,1.00195064,3.6,4.4,1603.294221,4,3
Arsenal,Ipswich,1746.962161,1453.768898,37.5,2,5,0,2.5,0,10,7,3,0,0,1,1,0.2,2,1.4,4,12,-8,0,1,0,3,0,0.8,2.4,293.1932623,1.20167804,4.4,2.2,1784.462161,0,9
Leicester,Man City,1454.032862,1766.258676,7.5,-5,4,14,0.8,2.8,6,8,-2,0,0,1,2,0.2,1.2,1.6,8,2,6,1,0,4,0,0.8,1.6,0.4,-312.2258131,0.823227584,1.6,3.2,1461.532862,10,12
Crystal Palace,Southampton,1608.655525,1365.877665,97.5,4,8,3,1.6,0.6,5,8,-3,1,0,1,1,0.2,1,1.6,2,8,-6,0,0,0,3,0,0.4,1.6,242.7778606,1.177744953,2.6,2,1706.155525,6,16
Everton,Nott'm Forest,1573.959804,1574.404585,-52.5,2,6,4,1.2,0.8,6,6,0,1,0,2,2,0.4,1.2,1.2,5,7,-2,0,0,1,2,0.2,1,1.4,-0.44478138,0.999717492,2.6,2.2,1521.459804,7,15
Fulham,Bournemouth,1561.143628,1586.826287,37.5,-2,6,9,1.2,1.8,7,9,-2,1,0,2,3,0.4,1.4,1.8,4,3,1,0,1,2,1,0.4,0.8,0.6,-25.68265835,0.983815079,2,2.6,1598.643628,8,2
Tottenham,Wolves,1565.549759,1523.196733,-52.5,-4,6,11,1.2,2.2,3,12,-9,0,2,0,4,0,0.6,2.4,8,5,3,0,2,3,2,0.6,1.6,1,42.35302565,1.027805355,1.6,4,1513.049759,17,19
West Ham,Liverpool,1528.585579,1775.13597,-52.5,-4,5,14,1,2.8,7,7,0,1,0,1,2,0.2,1.4,1.4,11,7,4,0,0,3,1,0.6,2.2,1.4,-246.5503908,0.861109011,2.8,3.6,1476.085579,18,11
Aston Villa,Brighton,1639.14767,1595.794221,97.5,2,13,5,2.6,1,10,3,7,2,0,4,1,0.8,2,0.6,11,9,2,2,0,3,1,0.6,2.2,1.8,43.35344939,1.027167318,3.8,2.8,1736.64767,1,4
Ipswich,Chelsea,1453.768898,1641.33892,-52.5,1,4,2,2,1,2,12,-10,0,2,0,4,0,0.4,2.4,7,4,3,1,0,4,1,0.8,1.4,0.8,-187.5700213,0.885721335,1.2,3.8,1401.268898,9,5
Man United,Newcastle,1541.950054,1657.056402,-22.5,-3,4,11,0.8,2.2,4,9,-5,0,3,0,4,0,0.8,1.8,12,5,7,1,0,3,1,0.6,2.4,1,-115.1063483,0.930535649,1.8,4.2,1519.450054,13,14
Brentford,Arsenal,1592.687461,1746.962161,7.5,-3,4,8,0.8,1.6,12,6,6,4,0,4,0,0.8,2.4,1.2,10,6,4,1,0,2,1,0.4,2,1.2,-154.2746999,0.91168973,3.6,3.2,1600.187461,3,0
Tottenham,Newcastle,1565.549759,1657.056402,-22.5,-3,7,15,1.4,3,3,12,-9,0,2,0,4,0,0.6,2.4,12,5,7,1,0,3,1,0.6,2.4,1,-91.50664387,0.944777593,1.6,4.8,1543.049759,17,14
Aston Villa,Leicester,1639.14767,1454.032862,157.5,2,8,7,1.6,1.4,10,3,7,2,0,4,1,0.8,2,0.6,6,6,0,1,0,2,2,0.4,1.2,1.2,185.1148077,1.127311296,3.2,1.8,1796.64767,1,10
Bournemouth,Everton,1586.826287,1573.959804,-22.5,1,6,7,1.2,1.4,4,6,-2,0,2,1,2,0.2,0.8,1.2,7,6,1,2,0,2,2,0.4,1.4,1.2,12.86648284,1.008174594,2,2.6,1564.326287,2,7
Crystal Palace,Chelsea,1608.655525,1641.33892,37.5,-3,4,8,0.8,1.6,5,8,-3,1,0,1,1,0.2,1,1.6,7,4,3,1,0,4,1,0.8,1.4,0.8,-32.68339468,0.980087358,1.8,3,1646.155525,6,5
Man City,West Ham,1766.258676,1528.585579,97.5,5,16,4,3.2,0.8,10,3,7,0,0,4,0,0.8,2,0.6,7,7,0,0,1,1,2,0.2,1.4,1.4,237.6730968,1.155485633,3.4,2,1863.758676,12,18
Southampton,Brentford,1365.877665,1592.687461,-52.5,-5,1,16,0.2,3.2,2,7,-5,0,1,0,3,0,0.4,1.4,13,8,5,0,1,4,1,0.8,2.6,1.6,-226.8097964,0.857593029,2,4,1313.377665,16,3
Brighton,Arsenal,1595.794221,1746.962161,7.5,-1,5,7,1,1.4,10,9,1,1,0,2,1,0.4,2,1.8,10,6,4,1,0,2,1,0.4,2,1.2,-151.1679401,0.913468109,3.2,3.8,1603.294221,4,0
Fulham,Ipswich,1561.143628,1453.768898,37.5,0,3,3,1.5,1.5,7,9,-2,1,0,2,3,0.4,1.4,1.8,4,12,-8,0,1,0,3,0,0.8,2.4,107.3747299,1.073859559,3.8,2.6,1598.643628,8,9
Liverpool,Man United,1775.13597,1541.950054,97.5,2,14,4,2.8,0.8,11,9,2,0,1,2,2,0.4,2.2,1.8,5,12,-7,0,2,0,4,0,1,2.4,233.1859155,1.15122793,4.6,2.8,1872.63597,11,13
Wolves,Nott'm Forest,1523.196733,1574.404585,7.5,-1,5,8,1,1.6,6,7,-1,0,3,2,3,0.4,1.2,1.4,5,7,-2,0,0,1,2,0.2,1,1.4,-51.2078524,0.967474782,2.6,2.4,1530.696733,19,15
Brentford,Man City,1592.687461,1766.258676,7.5,-2,5,8,1,1.6,12,6,6,4,0,4,0,0.8,2.4,1.2,8,2,6,1,0,4,0,0.8,1.6,0.4,-173.5712146,0.901729448,2.8,2.8,1600.187461,3,12
Chelsea,Bournemouth,1641.33892,1586.826287,97.5,3,8,4,1.6,0.8,8,6,2,0,1,3,1,0.6,1.6,1.2,4,3,1,0,1,2,1,0.4,0.8,0.6,54.51263308,1.034353246,2.2,2,1738.83892,5,2
West Ham,Fulham,1528.585579,1561.143628,-52.5,0,5,10,1,2,7,7,0,1,0,1,2,0.2,1.4,1.4,4,8,-4,0,2,1,4,0.2,0.8,1.6,-32.55804964,0.979144744,3,2.2,1476.085579,18,8
Nott'm Forest,Liverpool,1574.404585,1775.13597,-22.5,-2,4,8,0.8,1.6,7,7,0,1,0,2,1,0.4,1.4,1.4,11,7,4,0,0,3,1,0.6,2.2,1.4,-200.7313843,0.886920558,2.8,3.6,1551.904585,15,11
Everton,Aston Villa,1573.959804,1639.14767,-52.5,-4,2,10,0.4,2,6,6,0,1,0,2,2,0.4,1.2,1.2,9,3,6,3,0,4,1,0.8,1.8,0.6,-65.18786621,0.960230632,1.8,3,1521.459804,7,1
Leicester,Crystal Palace,1454.032862,1608.655525,37.5,-1,5,7,1,1.4,6,8,-2,0,0,1,2,0.2,1.2,1.6,9,5,4,2,0,2,0,0.4,1.8,1,-154.6226627,0.903880812,2.2,3.4,1491.532862,10,6
Newcastle,Wolves,1657.056402,1523.196733,37.5,4,12,4,2.4,0.8,7,6,1,0,1,2,2,0.4,1.4,1.2,8,5,3,0,2,3,2,0.6,1.6,1,133.8596695,1.087880749,2.4,2.8,1694.556402,14,19
Arsenal,Tottenham,1746.962161,1565.549759,67.5,4,10,5,2,1,10,7,3,0,0,1,1,0.2,2,1.4,5,14,-9,0,1,0,4,0,1,2.8,181.4124023,1.115877762,4.8,2.4,1814.462161,0,17
Ipswich,Brighton,1453.768898,1595.794221,-52.5,-1,0,2,0,1,2,12,-10,0,2,0,4,0,0.4,2.4,11,9,2,2,0,3,1,0.6,2.2,1.8,-142.0253222,0.911000228,2.2,4.6,1401.268898,9,4
Man United,Southampton,1541.950054,1365.877665,37.5,3,8,2,1.6,0.4,4,9,-5,0,3,0,4,0,0.8,1.8,2,8,-6,0,0,0,3,0,0.4,1.6,176.0723896,1.128907877,2.4,2.2,1579.450054,13,16
Newcastle,Bournemouth,1657.056402,1586.826287,97.5,-2,5,10,1,2,7,6,1,0,1,2,2,0.4,1.4,1.2,4,3,1,0,1,2,1,0.4,0.8,0.6,70.23011566,1.044258226,2,2,1754.556402,14,2
Brentford,Liverpool,1592.687461,1775.13597,7.5,-5,1,12,0.2,2.4,12,6,6,4,0,4,0,0.8,2.4,1.2,11,7,4,0,0,3,1,0.6,2.2,1.4,-182.4485086,0.897219981,3.8,3.4,1600.187461,3,11
Leicester,Fulham,1454.032862,1561.143628,7.5,-3,6,10,1.2,2,6,8,-2,0,0,1,2,0.2,1.2,1.6,4,8,-4,0,2,1,4,0.2,0.8,1.6,-107.110766,0.931389551,2.8,2.4,1461.532862,10,8
West Ham,Crystal Palace,1528.585579,1608.655525,-22.5,-2,8,12,1.6,2.4,7,7,0,1,0,1,2,0.2,1.4,1.4,9,5,4,2,0,2,0,0.4,1.8,1,-80.06994639,0.950225549,2.4,3.2,1506.085579,18,6
Arsenal,Aston Villa,1746.962161,1639.14767,-22.5,0,8,7,1.6,1.4,10,7,3,0,0,1,1,0.2,2,1.4,9,3,6,3,0,4,1,0.8,1.8,0.6,107.8144907,1.065774727,2.6,3.2,1724.462161,0,1
Everton,Tottenham,1573.959804,1565.549759,37.5,-1,7,11,1.4,2.2,6,6,0,1,0,2,2,0.4,1.2,1.2,5,14,-9,0,1,0,4,0,1,2.8,8.410045372,1.005371944,4,2.2,1611.459804,7,17
Man United,Brighton,1541.950054,1595.794221,-22.5,-3,5,9,1,1.8,4,9,-5,0,3,0,4,0,0.8,1.8,11,9,2,2,0,3,1,0.6,2.2,1.8,-53.84416661,0.966258703,2.6,4,1519.450054,13,4
Nott'm Forest,Southampton,1574.404585,1365.877665,37.5,4,9,5,2.25,1.25,7,7,0,1,0,2,1,0.4,1.4,1.4,2,8,-6,0,0,0,3,0,0.4,1.6,208.5269208,1.152668812,3,1.8,1611.904585,15,16
Ipswich,Man City,1453.768898,1766.258676,-52.5,-2,1,10,0.5,5,2,12,-10,0,2,0,4,0,0.4,2.4,8,2,6,1,0,4,0,0.8,1.6,0.4,-312.489777,0.823078136,0.8,4,1401.268898,9,12
Chelsea,Wolves,1641.33892,1523.196733,37.5,-1,12,10,2.4,2,8,6,2,0,1,3,1,0.6,1.6,1.2,8,5,3,0,2,3,2,0.6,1.6,1,118.1421869,1.077562001,2.6,2.8,1678.83892,5,19
Bournemouth,Nott'm Forest,1586.826287,1574.404585,-22.5,2,11,5,2.2,1,4,6,-2,0,2,1,2,0.2,0.8,1.2,5,7,-2,0,0,1,2,0.2,1,1.4,12.42170146,1.007889777,2.2,2.2,1564.326287,2,15
Brighton,Everton,1595.794221,1573.959804,-22.5,-1,6,8,1.2,1.6,10,9,1,1,0,2,1,0.4,2,1.8,7,6,1,2,0,2,2,0.4,1.4,1.2,21.83441682,1.013872284,3.2,3.2,1573.294221,4,7
Liverpool,Ipswich,1775.13597,1453.768898,67.5,2,6,1,3,0.5,11,9,2,0,1,2,2,0.4,2.2,1.8,4,12,-8,0,1,0,3,0,0.8,2.4,321.3670711,1.22105788,4.6,2.6,1842.63597,11,9
Southampton,Newcastle,1365.877665,1657.056402,-52.5,-5,4,13,0.8,2.6,2,7,-5,0,1,0,3,0,0.4,1.4,12,5,7,1,0,3,1,0.6,2.4,1,-291.1787379,0.824279525,1.4,3.8,1313.377665,16,14
Wolves,Arsenal,1523.196733,1746.962161,37.5,-5,1,12,0.2,2.4,6,7,-1,0,3,2,3,0.4,1.2,1.4,10,6,4,1,0,2,1,0.4,2,1.2,-223.7654279,0.871911692,2.4,3.4,1560.696733,19,0
Man City,Chelsea,1766.258676,1641.33892,97.5,3,11,6,2.2,1.2,10,3,7,0,0,4,0,0.8,2,0.6,7,4,3,1,0,4,1,0.8,1.4,0.8,124.9197557,1.076108447,2.8,2,1863.758676,12,5
Crystal Palace,Brentford,1608.655525,1592.687461,37.5,-1,7,7,1.4,1.4,5,8,-3,1,0,1,1,0.2,1,1.6,13,8,5,0,1,4,1,0.8,2.6,1.6,15.96806418,1.010025862,2.6,4.2,1646.155525,6,3
Tottenham,Leicester,1565.549759,1454.032862,37.5,0,12,10,2.4,2,3,12,-9,0,2,0,4,0,0.6,2.4,6,6,0,1,0,2,2,0.4,1.2,1.2,111.5168961,1.076694894,1.8,3.6,1603.049759,17,10
Aston Villa,West Ham,1639.14767,1528.585579,97.5,2,9,5,1.8,1,10,3,7,2,0,4,1,0.8,2,0.6,7,7,0,0,1,1,2,0.2,1.4,1.4,110.5620914,1.072329671,3.4,2,1736.64767,1,18
Fulham,Man United,1561.143628,1541.950054,67.5,-3,3,6,0.6,1.2,7,9,-2,1,0,2,3,0.4,1.4,1.8,5,12,-7,0,2,0,4,0,1,2.4,19.19357428,1.012447598,3.8,2.8,1628.643628,8,13
Nott'm Forest,Brighton,1574.404585,1595.794221,-22.5,0,14,7,2.8,1.4,7,7,0,1,0,2,1,0.4,1.4,1.4,11,9,2,2,0,3,1,0.6,2.2,1.8,-21.38963544,0.986596245,3.2,3.6,1551.904585,15,4
Bournemouth,Liverpool,1586.826287,1775.13597,7.5,-3,2,12,0.4,2.4,4,6,-2,0,2,1,2,0.2,0.8,1.2,11,7,4,0,0,3,1,0.6,2.2,1.4,-188.3096828,0.893918164,2.2,3.4,1594.326287,2,11
Everton,Leicester,1573.959804,1454.032862,37.5,1,9,6,1.8,1.2,6,6,0,1,0,2,2,0.4,1.2,1.2,6,6,0,1,0,2,2,0.4,1.2,1.2,119.9269415,1.082478838,2.4,2.4,1611.459804,7,10
Ipswich,Southampton,1453.768898,1365.877665,7.5,-1,2,3,1,1.5,2,12,-10,0,2,0,4,0,0.4,2.4,2,8,-6,0,0,0,3,0,0.4,1.6,87.89123396,1.064347808,2,2.8,1461.268898,9,16
Newcastle,Fulham,1657.056402,1561.143628,67.5,1,7,5,1.4,1,7,6,1,0,1,2,2,0.4,1.4,1.2,4,8,-4,0,2,1,4,0.2,0.8,1.6,95.91277401,1.061437508,3,2,1724.556402,14,8
Wolves,Aston Villa,1523.196733,1639.14767,7.5,0,5,6,1,1.2,6,7,-1,0,3,2,3,0.4,1.2,1.4,9,3,6,3,0,4,1,0.8,1.8,0.6,-115.9509372,0.929261445,1.8,3.2,1530.696733,19,1
Brentford,Tottenham,1592.687461,1565.549759,67.5,-2,8,11,1.6,2.2,12,6,6,4,0,4,0,0.8,2.4,1.2,5,14,-9,0,1,0,4,0,1,2.8,27.13770243,1.017334296,5.2,2.2,1660.187461,3,17
Man United,Crystal Palace,1541.950054,1608.655525,7.5,-2,2,8,0.4,1.6,4,9,-5,0,3,0,4,0,0.8,1.8,9,5,4,2,0,2,0,0.4,1.8,1,-66.70547103,0.958533403,1.8,3.6,1549.450054,13,6
Arsenal,Man City,1746.962161,1766.258676,7.5,1,9,7,1.8,1.4,10,7,3,0,0,1,1,0.2,2,1.4,8,2,6,1,0,4,0,0.8,1.6,0.4,-19.29651471,0.989074921,2.4,3,1754.462161,0,12
Chelsea,West Ham,1641.33892,1528.585579,67.5,2,12,5,2.4,1,8,6,2,0,1,3,1,0.6,1.6,1.2,7,7,0,0,1,1,2,0.2,1.4,1.4,112.7533411,1.073763185,3,2.6,1708.83892,5,18
Everton,Liverpool,1573.959804,1775.13597,-22.5,-2,4,7,0.8,1.4,6,6,0,1,0,2,2,0.4,1.2,1.2,11,7,4,0,0,3,1,0.6,2.2,1.4,-201.1761657,0.886669996,2.6,3.4,1551.459804,7,11
Brighton,Chelsea,1595.794221,1641.33892,7.5,-1,10,10,2,2,10,9,1,1,0,2,1,0.4,2,1.8,7,4,3,1,0,4,1,0.8,1.4,0.8,-45.5446991,0.972251496,2.8,3.2,1603.294221,4,5
Leicester,Arsenal,1454.032862,1746.962161,7.5,-5,4,13,0.8,2.6,6,8,-2,0,0,1,2,0.2,1.2,1.6,10,6,4,1,0,2,1,0.4,2,1.2,-292.9292984,0.832320754,2.4,3.6,1461.532862,10,0
Aston Villa,Ipswich,1639.14767,1453.768898,127.5,0,3,3,1.5,1.5,10,3,7,2,0,4,1,0.8,2,0.6,4,12,-8,0,1,0,3,0,0.8,2.4,185.3787716,1.127515984,4.4,1.4,1766.64767,1,9
Fulham,Nott'm Forest,1561.143628,1574.404585,-22.5,3,11,4,2.2,0.8,7,9,-2,1,0,2,3,0.4,1.4,1.8,5,7,-2,0,0,1,2,0.2,1,1.4,-13.26095689,0.991577161,2.8,2.8,1538.643628,8,15
Man City,Newcastle,1766.258676,1657.056402,97.5,4,11,3,2.2,0.6,10,3,7,0,0,4,0,0.8,2,0.6,12,5,7,1,0,3,1,0.6,2.4,1,109.2022731,1.065901362,3,3,1863.758676,12,14
Southampton,Bournemouth,1365.877665,1586.826287,-22.5,-1,5,7,1,1.4,2,7,-5,0,1,0,3,0,0.4,1.4,4,3,1,0,1,2,1,0.4,0.8,0.6,-220.9486222,0.860760674,1,2.2,1343.377665,16,2
West Ham,Brentford,1528.585579,1592.687461,-52.5,-2,7,9,1.4,1.8,7,7,0,1,0,1,2,0.2,1.4,1.4,13,8,5,0,1,4,1,0.8,2.6,1.6,-64.10188221,0.959752378,3,4,1476.085579,18,3
Crystal Palace,Everton,1608.655525,1573.959804,7.5,-3,5,8,1,1.6,5,8,-3,1,0,1,1,0.2,1,1.6,7,6,1,2,0,2,2,0.4,1.4,1.2,34.69572123,1.022043588,2.2,3,1616.155525,6,7
Liverpool,Wolves,1775.13597,1523.196733,7.5,5,11,3,2.2,0.6,11,9,2,0,1,2,2,0.4,2.2,1.8,8,5,3,0,2,3,2,0.6,1.6,1,251.9392367,1.165401639,3.2,3.4,1782.63597,11,19
Tottenham,Man United,1565.549759,1541.950054,37.5,3,10,4,2,0.8,3,12,-9,0,2,0,4,0,0.6,2.4,5,12,-7,0,2,0,4,0,1,2.4,23.59970442,1.015305103,3,3.4,1603.049759,17,13
Aston Villa,Liverpool,1639.14767,1775.13597,97.5,-2,6,11,1.2,2.2,10,3,7,2,0,4,1,0.8,2,0.6,11,7,4,0,0,3,1,0.6,2.2,1.4,-135.9882995,0.923392742,3.4,2.8,1736.64767,1,11
Leicester,Brentford,1454.032862,1592.687461,7.5,-1,6,12,1.2,2.4,6,8,-2,0,0,1,2,0.2,1.2,1.6,13,8,5,0,1,4,1,0.8,2.6,1.6,-138.6545985,0.912942996,2.8,4.2,1461.532862,10,3
Everton,Man United,1573.959804,1541.950054,37.5,-4,2,13,0.4,2.6,6,6,0,1,0,2,2,0.4,1.2,1.2,5,12,-7,0,2,0,4,0,1,2.4,32.00974979,1.020759265,3.6,2.2,1611.459804,7,13
Arsenal,West Ham,1746.962161,1528.585579,7.5,0,13,7,2.6,1.4,10,7,3,0,0,1,1,0.2,2,1.4,7,7,0,0,1,1,2,0.2,1.4,1.4,218.3765821,1.142861862,3.4,2.8,1754.462161,0,18
Bournemouth,Wolves,1586.826287,1523.196733,-22.5,1,7,5,1.4,1,4,6,-2,0,2,1,2,0.2,0.8,1.2,8,5,3,0,2,3,2,0.6,1.6,1,63.62955386,1.041773694,1.8,2.8,1564.326287,2,19
Fulham,Crystal Palace,1561.143628,1608.655525,37.5,0,5,5,1,1,7,9,-2,1,0,2,3,0.4,1.4,1.8,9,5,4,2,0,2,0,0.4,1.8,1,-47.51189675,0.970464841,2.4,3.6,1598.643628,8,6
Ipswich,Tottenham,1453.768898,1565.549759,7.5,0,3,5,1.5,2.5,2,12,-10,0,2,0,4,0,0.4,2.4,5,14,-9,0,1,0,4,0,1,2.8,-111.78086,0.928599612,3.2,3.4,1461.268898,9,17
Southampton,Brighton,1365.877665,1595.794221,-52.5,-3,5,13,1,2.6,2,7,-5,0,1,0,3,0,0.4,1.4,11,9,2,2,0,3,1,0.6,2.2,1.8,-229.9165562,0.855923431,2.2,3.6,1313.377665,16,4
Aston Villa,Chelsea,1639.14767,1641.33892,97.5,2,7,6,1.4,1.2,10,3,7,2,0,4,1,0.8,2,0.6,7,4,3,1,0,4,1,0.8,1.4,0.8,-2.191249704,0.998664962,2.8,2,1736.64767,1,5
Newcastle,Nott'm Forest,1657.056402,1574.404585,37.5,3,13,10,2.6,2,7,6,1,0,1,2,2,0.4,1.4,1.2,5,7,-2,0,0,1,2,0.2,1,1.4,82.65181712,1.05249719,2.8,2.2,1694.556402,14,15
Man City,Liverpool,1766.258676,1775.13597,97.5,-1,6,7,1.2,1.4,10,3,7,0,0,4,0,0.8,2,0.6,11,7,4,0,0,3,1,0.6,2.2,1.4,-8.877294062,0.994999091,3.4,2.8,1863.758676,12,11
Brighton,Bournemouth,1595.794221,1586.826287,37.5,3,9,6,1.8,1.2,10,9,1,1,0,2,1,0.4,2,1.8,4,3,1,0,1,2,1,0.4,0.8,0.6,8.967933977,1.005651491,2.6,2.6,1633.294221,4,2
Crystal Palace,Aston Villa,1608.655525,1639.14767,7.5,0,12,7,2.4,1.4,5,8,-3,1,0,1,1,0.2,1,1.6,9,3,6,3,0,4,1,0.8,1.8,0.6,-30.49214498,0.981397561,1.6,3.4,1616.155525,6,1
Wolves,Fulham,1523.196733,1561.143628,37.5,0,10,8,2,1.6,6,7,-1,0,3,2,3,0.4,1.2,1.4,4,8,-4,0,2,1,4,0.2,0.8,1.6,-37.94689551,0.975692886,2.8,2.2,1560.696733,19,8
Chelsea,Southampton,1641.33892,1365.877665,127.5,1,16,4,3.2,0.8,8,6,2,0,1,3,1,0.6,1.6,1.2,2,8,-6,0,0,0,3,0,0.4,1.6,275.4612553,1.201673446,3.2,1.6,1768.83892,5,16
Brentford,Everton,1592.687461,1573.959804,-22.5,-3,2,6,0.4,1.2,12,6,6,4,0,4,0,0.8,2.4,1.2,7,6,1,2,0,2,2,0.4,1.4,1.2,18.72765705,1.011898434,3.6,2.6,1570.187461,3,7
Man United,Ipswich,1541.950054,1453.768898,7.5,1,4,3,2,1.5,4,9,-5,0,3,0,4,0,0.8,1.8,4,12,-8,0,1,0,3,0,0.8,2.4,88.18115562,1.060656928,3.2,2.6,1549.450054,13,9
Nott'm Forest,Arsenal,1574.404585,1746.962161,-22.5,-2,3,7,0.6,1.4,7,7,0,1,0,2,1,0.4,1.4,1.4,10,6,4,1,0,2,1,0.4,2,1.2,-172.5575755,0.901224205,2.6,3.4,1551.904585,15,0
Tottenham,Man City,1565.549759,1766.258676,-22.5,0,8,6,1.6,1.2,3,12,-9,0,2,0,4,0,0.6,2.4,8,2,6,1,0,4,0,0.8,1.6,0.4,-200.708917,0.886364936,1,4,1543.049759,17,12
Liverpool,Newcastle,1775.13597,1657.056402,37.5,4,13,6,2.6,1.2,11,9,2,0,1,2,2,0.4,2.2,1.8,12,5,7,1,0,3,1,0.6,2.4,1,118.0795672,1.071258629,3.2,4.2,1812.63597,11,14
West Ham,Leicester,1528.585579,1454.032862,7.5,-2,6,9,1.2,1.8,7,7,0,1,0,1,2,0.2,1.4,1.4,6,6,0,1,0,2,2,0.4,1.2,1.2,74.55271632,1.051273061,2.6,2.6,1536.085579,18,10
Nott'm Forest,Man City,1574.404585,1766.258676,-22.5,-2,2,8,0.4,1.6,7,7,0,1,0,2,1,0.4,1.4,1.4,8,2,6,1,0,4,0,0.8,1.6,0.4,-191.8540902,0.89137826,1.8,3,1551.904585,15,12
Brighton,Fulham,1595.794221,1561.143628,7.5,-2,4,9,0.8,1.8,10,9,1,1,0,2,1,0.4,2,1.8,4,8,-4,0,2,1,4,0.2,0.8,1.6,34.65059233,1.022195647,3.6,2.6,1603.294221,4,8
Crystal Palace,Ipswich,1608.655525,1453.768898,67.5,2,2,0,1,0,5,8,-3,1,0,1,1,0.2,1,1.6,4,12,-8,0,1,0,3,0,0.8,2.4,154.8866266,1.106541436,3.4,2.4,1676.155525,6,9
Liverpool,Southampton,1775.13597,1365.877665,97.5,4,15,9,3,1.8,11,9,2,0,1,2,2,0.4,2.2,1.8,2,8,-6,0,0,0,3,0,0.4,1.6,409.2583051,1.299630279,3.8,2.2,1872.63597,11,16
Brentford,Aston Villa,1592.687461,1639.14767,-22.5,-3,6,10,1.2,2,12,6,6,4,0,4,0,0.8,2.4,1.2,9,3,6,3,0,4,1,0.8,1.8,0.6,-46.46020916,0.971655873,3,3,1570.187461,3,1
Wolves,Everton,1523.196733,1573.959804,7.5,1,6,6,1.2,1.2,6,7,-1,0,3,2,3,0.4,1.2,1.4,7,6,1,2,0,2,2,0.4,1.4,1.2,-50.76307102,0.967748178,2.4,2.8,1530.696733,19,7
Chelsea,Leicester,1641.33892,1454.032862,127.5,4,9,4,1.8,0.8,8,6,2,0,1,3,1,0.6,1.6,1.2,6,6,0,1,0,2,2,0.4,1.2,1.2,187.3060574,1.128818311,2.8,2.4,1768.83892,5,10
Tottenham,Bournemouth,1565.549759,1586.826287,7.5,0,9,7,1.8,1.4,3,12,-9,0,2,0,4,0,0.6,2.4,4,3,1,0,1,2,1,0.4,0.8,0.6,-21.27652821,0.986591772,1.2,3.2,1573.049759,17,2
Man United,Arsenal,1541.950054,1746.962161,-22.5,-4,4,10,0.8,2,4,9,-5,0,3,0,4,0,0.8,1.8,10,6,4,1,0,2,1,0.4,2,1.2,-205.0121067,0.88264651,2,3.8,1519.450054,13,0
West Ham,Newcastle,1528.585579,1657.056402,-52.5,-2,8,12,1.6,2.4,7,7,0,1,0,1,2,0.2,1.4,1.4,12,5,7,1,0,3,1,0.6,2.4,1,-128.4708237,0.922470458,2.4,3.8,1476.085579,18,14
Everton,West Ham,1573.959804,1528.585579,-22.5,-1,3,6,0.6,1.2,6,6,0,1,0,2,2,0.4,1.2,1.2,7,7,0,0,1,1,2,0.2,1.4,1.4,45.37422516,1.029683798,2.6,2.6,1551.459804,7,18
Ipswich,Nott'm Forest,1453.768898,1574.404585,-82.5,-2,2,5,1,2.5,2,12,-10,0,2,0,4,0,0.4,2.4,5,7,-2,0,0,1,2,0.2,1,1.4,-120.6356868,0.923376946,1.8,3.4,1371.268898,9,15
Man City,Brighton,1766.258676,1595.794221,97.5,1,10,6,2,1.2,10,3,7,0,0,4,0,0.8,2,0.6,11,9,2,2,0,3,1,0.6,2.2,1.8,170.4644548,1.106821075,3.8,2.8,1863.758676,12,4
Southampton,Wolves,1365.877665,1523.196733,-82.5,-5,3,10,0.6,2,2,7,-5,0,1,0,3,0,0.4,1.4,8,5,3,0,2,3,2,0.6,1.6,1,-157.3190684,0.896717827,1.4,3,1283.377665,16,19
Bournemouth,Brentford,1586.826287,1592.687461,7.5,-4,6,11,1.2,2.2,4,6,-2,0,2,1,2,0.2,0.8,1.2,13,8,5,0,1,4,1,0.8,2.6,1.6,-5.861174215,0.996319947,2.4,3.8,1594.326287,2,3
Arsenal,Chelsea,1746.962161,1641.33892,7.5,3,12,4,2.4,0.8,10,7,3,0,0,1,1,0.2,2,1.4,7,4,3,1,0,4,1,0.8,1.4,0.8,105.623241,1.064351877,2.8,2.8,1754.462161,0,5
Fulham,Tottenham,1561.143628,1565.549759,67.5,0,6,4,1.2,0.8,7,9,-2,1,0,2,3,0.4,1.4,1.8,5,14,-9,0,1,0,4,0,1,2.8,-4.406130144,0.99718557,4.2,2.8,1628.643628,8,17
Leicester,Man United,1454.032862,1541.950054,67.5,-4,1,11,0.2,2.2,6,8,-2,0,0,1,2,0.2,1.2,1.6,5,12,-7,0,2,0,4,0,1,2.4,-87.91719168,0.942983113,3.6,2.6,1521.532862,10,13
Arsenal,Fulham,1746.962161,1561.143628,7.5,1,9,6,1.8,1.2,10,7,3,0,0,1,1,0.2,2,1.4,4,8,-4,0,2,1,4,0.2,0.8,1.6,185.8185324,1.119027186,3.6,2.2,1754.462161,0,8
Wolves,West Ham,1523.196733,1528.585579,37.5,-1,4,7,0.8,1.4,6,7,-1,0,3,2,3,0.4,1.2,1.4,7,7,0,0,1,1,2,0.2,1.4,1.4,-5.388845865,0.996474619,2.6,2.8,1560.696733,19,18
Nott'm Forest,Man United,1574.404585,1541.950054,37.5,1,8,8,1.6,1.6,7,7,0,1,0,2,1,0.4,1.4,1.4,5,12,-7,0,2,0,4,0,1,2.4,32.45453117,1.021047719,3.8,2.4,1611.904585,15,13
Bournemouth,Ipswich,1586.826287,1453.768898,37.5,0,3,3,1.5,1.5,4,6,-2,0,2,1,2,0.2,0.8,1.2,4,12,-8,0,1,0,3,0,0.8,2.4,133.0573883,1.091525818,3.2,2,1624.326287,2,9
Brighton,Aston Villa,1595.794221,1639.14767,-22.5,-2,5,13,1,2.6,10,9,1,1,0,2,1,0.4,2,1.8,9,3,6,3,0,4,1,0.8,1.8,0.6,-43.35344939,0.973551224,2.6,3.6,1573.294221,4,1
Man City,Leicester,1766.258676,1454.032862,157.5,5,14,4,2.8,0.8,10,3,7,0,0,4,0,0.8,2,0.6,6,6,0,1,0,2,2,0.4,1.2,1.2,312.2258131,1.214730919,3.2,1.8,1923.758676,12,10
Newcastle,Brentford,1657.056402,1592.687461,67.5,3,11,8,2.2,1.6,7,6,1,0,1,2,2,0.4,1.4,1.2,13,8,5,0,1,4,1,0.8,2.6,1.6,64.36894144,1.0404153,3,3.8,1724.556402,14,3
Southampton,Crystal Palace,1365.877665,1608.655525,-22.5,-4,3,8,0.6,1.6,2,7,-5,0,1,0,3,0,0.4,1.4,9,5,4,2,0,2,0,0.4,1.8,1,-242.7778606,0.849080268,1.4,3.2,1343.377665,16,6
Liverpool,Everton,1775.13597,1573.959804,7.5,2,7,4,1.4,0.8,11,9,2,0,1,2,2,0.4,2.2,1.8,7,6,1,2,0,2,2,0.4,1.4,1.2,201.1761657,1.127815313,3.4,3.2,1782.63597,11,7
Chelsea,Tottenham,1641.33892,1565.549759,127.5,3,11,6,2.2,1.2,8,6,2,0,1,3,1,0.6,1.6,1.2,5,14,-9,0,1,0,4,0,1,2.8,75.78916129,1.048410573,4.4,2.2,1768.83892,5,17
Everton,Arsenal,1573.959804,1746.962161,-22.5,-3,2,8,0.4,1.6,6,6,0,1,0,2,2,0.4,1.2,1.2,10,6,4,1,0,2,1,0.4,2,1.2,-173.0023569,0.900969603,2.4,3.2,1551.459804,7,0
Crystal Palace,Brighton,1608.655525,1595.794221,37.5,0,7,8,1.4,1.6,5,8,-3,1,0,1,1,0.2,1,1.6,11,9,2,2,0,3,1,0.6,2.2,1.8,12.86130442,1.008059501,2.8,3.8,1646.155525,6,4
Ipswich,Wolves,1453.768898,1523.196733,-82.5,0,3,3,1.5,1.5,2,12,-10,0,2,0,4,0,0.4,2.4,8,5,3,0,2,3,2,0.6,1.6,1,-69.42783439,0.954419654,1.4,4,1371.268898,9,19
West Ham,Bournemouth,1528.585579,1586.826287,-22.5,1,9,5,1.8,1,7,7,0,1,0,1,2,0.2,1.4,1.4,4,3,1,0,1,2,1,0.4,0.8,0.6,-58.240708,0.963297364,2,2.2,1506.085579,18,2
Aston Villa,Nott'm Forest,1639.14767,1574.404585,67.5,1,9,7,1.8,1.4,10,3,7,2,0,4,1,0.8,2,0.6,5,7,-2,0,0,1,2,0.2,1,1.4,64.74308483,1.041122266,3.4,1.6,1706.64767,1,15
Brentford,Chelsea,1592.687461,1641.33892,7.5,1,7,4,1.4,0.8,12,6,6,4,0,4,0,0.8,2.4,1.2,7,4,3,1,0,4,1,0.8,1.4,0.8,-48.65145886,0.970358676,3.2,2.6,1600.187461,3,5
Fulham,Liverpool,1561.143628,1775.13597,7.5,-2,9,12,1.8,2.4,7,9,-2,1,0,2,3,0.4,1.4,1.8,11,7,4,0,0,3,1,0.6,2.2,1.4,-213.9923412,0.879450169,2.8,4,1568.643628,8,11
Tottenham,Southampton,1565.549759,1365.877665,37.5,2,17,8,3.4,1.6,3,12,-9,0,2,0,4,0,0.6,2.4,2,8,-6,0,0,0,3,0,0.4,1.6,199.672094,1.146185928,2.2,2.8,1603.049759,17,16
Man United,Man City,1541.950054,1766.258676,-22.5,0,5,8,1,1.6,4,9,-5,0,3,0,4,0,0.8,1.8,8,2,6,1,0,4,0,0.8,1.6,0.4,-224.3086214,0.873003527,1.2,3.4,1519.450054,13,12
Leicester,Newcastle,1454.032862,1657.056402,7.5,-4,1,12,0.2,2.4,6,8,-2,0,0,1,2,0.2,1.2,1.6,12,5,7,1,0,3,1,0.6,2.4,1,-203.02354,0.877479403,2.2,4,1461.532862,10,14
Man City,Crystal Palace,1766.258676,1608.655525,127.5,3,14,8,2.8,1.6,10,3,7,0,0,4,0,0.8,2,0.6,9,5,4,2,0,2,0,0.4,1.8,1,157.6031504,1.09797197,3,2.4,1893.758676,12,6
Brighton,Leicester,1595.794221,1454.032862,67.5,1,12,9,2.4,1.8,10,9,1,1,0,2,1,0.4,2,1.8,6,6,0,1,0,2,2,0.4,1.2,1.2,141.7613583,1.097495292,3.2,3,1663.294221,4,10
Nott'm Forest,Everton,1574.404585,1573.959804,-52.5,-2,4,6,0.8,1.2,7,7,0,1,0,2,1,0.4,1.4,1.4,7,6,1,2,0,2,2,0.4,1.4,1.2,0.44478138,1.000282588,2.6,2.8,1521.904585,15,7
Southampton,Aston Villa,1365.877665,1639.14767,-82.5,-5,0,10,0,2,2,7,-5,0,1,0,3,0,0.4,1.4,9,3,6,3,0,4,1,0.8,1.8,0.6,-273.2700056,0.833285304,1,3.2,1283.377665,16,1
Arsenal,Brentford,1746.962161,1592.687461,7.5,3,8,4,1.6,0.8,10,7,3,0,0,1,1,0.2,2,1.4,13,8,5,0,1,4,1,0.8,2.6,1.6,154.2746999,1.09686439,3.6,4,1754.462161,0,3
Chelsea,Ipswich,1641.33892,1453.768898,97.5,-1,2,4,1,2,8,6,2,0,1,3,1,0.6,1.6,1.2,4,12,-8,0,1,0,3,0,0.8,2.4,187.5700213,1.129023273,4,2,1738.83892,5,9
Liverpool,West Ham,1775.13597,1528.585579,37.5,4,14,5,2.8,1,11,9,2,0,1,2,2,0.4,2.2,1.8,7,7,0,0,1,1,2,0.2,1.4,1.4,246.5503908,1.161293155,3.6,3.2,1812.63597,11,18
Wolves,Tottenham,1523.196733,1565.549759,97.5,4,11,6,2.2,1.2,6,7,-1,0,3,2,3,0.4,1.2,1.4,5,14,-9,0,1,0,4,0,1,2.8,-42.35302565,0.972946867,4,2.4,1620.696733,19,17
Newcastle,Man United,1657.056402,1541.950054,127.5,3,11,4,2.2,0.8,7,6,1,0,1,2,2,0.4,1.4,1.2,5,12,-7,0,2,0,4,0,1,2.4,115.1063483,1.074649855,3.8,2.2,1784.556402,14,13
Bournemouth,Fulham,1586.826287,1561.143628,7.5,2,9,6,1.8,1.2,4,6,-2,0,2,1,2,0.2,0.8,1.2,4,8,-4,0,2,1,4,0.2,0.8,1.6,25.68265835,1.016451182,2.4,2,1594.326287,2,8
Newcastle,Crystal Palace,1657.056402,1608.655525,97.5,1,10,3,2,0.6,7,6,1,0,1,2,2,0.4,1.4,1.2,9,5,4,2,0,2,0,0.4,1.8,1,48.40087726,1.030087782,2.4,3,1754.556402,14,6
Brentford,Brighton,1592.687461,1595.794221,7.5,0,8,7,1.6,1.4,12,6,6,4,0,4,0,0.8,2.4,1.2,11,9,2,2,0,3,1,0.6,2.2,1.8,-3.106759762,0.998053158,4.2,3.4,1600.187461,3,4
Crystal Palace,Bournemouth,1608.655525,1586.826287,67.5,-1,2,3,0.4,0.6,5,8,-3,1,0,1,1,0.2,1,1.6,4,3,1,0,1,2,1,0.4,0.8,0.6,21.82923839,1.013756539,1.6,2.4,1676.155525,6,2
Everton,Man City,1573.959804,1766.258676,-22.5,-4,2,11,0.4,2.2,6,6,0,1,0,2,2,0.4,1.2,1.2,8,2,6,1,0,4,0,0.8,1.6,0.4,-192.2988716,0.891126439,1.6,2.8,1551.459804,7,12
West Ham,Southampton,1528.585579,1365.877665,7.5,1,6,5,1.2,1,7,7,0,1,0,1,2,0.2,1.4,1.4,2,8,-6,0,0,0,3,0,0.4,1.6,162.7079142,1.119123344,3,1.8,1536.085579,18,16
Aston Villa,Newcastle,1639.14767,1657.056402,97.5,-1,9,12,1.8,2.4,10,3,7,2,0,4,1,0.8,2,0.6,12,5,7,1,0,3,1,0.6,2.4,1,-17.90873229,0.989192443,3,3,1736.64767,1,14
Fulham,Chelsea,1561.143628,1641.33892,7.5,-2,3,6,0.6,1.2,7,9,-2,1,0,2,3,0.4,1.4,1.8,7,4,3,1,0,4,1,0.8,1.4,0.8,-80.19529143,0.951140322,2.2,3.2,1568.643628,8,5
Ipswich,Arsenal,1453.768898,1746.962161,-52.5,-2,0,5,0,2.5,2,12,-10,0,2,0,4,0,0.4,2.4,10,6,4,1,0,2,1,0.4,2,1.2,-293.1932623,0.832169655,1.6,4.4,1401.268898,9,0
Man United,Wolves,1541.950054,1523.196733,-52.5,1,7,6,1.4,1.2,4,9,-5,0,3,0,4,0,0.8,1.8,8,5,3,0,2,3,2,0.6,1.6,1,18.75332123,1.012311818,1.8,3.4,1489.450054,13,19
Leicester,Liverpool,1454.032862,1775.13597,7.5,-5,2,11,0.4,2.2,6,8,-2,0,0,1,2,0.2,1.2,1.6,11,7,4,0,0,3,1,0.6,2.2,1.4,-321.1031072,0.819110698,2.6,3.8,1461.532862,10,11
Tottenham,Nott'm Forest,1565.549759,1574.404585,-52.5,1,9,5,1.8,1,3,12,-9,0,2,0,4,0,0.6,2.4,5,7,-2,0,0,1,2,0.2,1,1.4,-8.854826751,0.994375762,2,3.4,1513.049759,17,15
Man City,Aston Villa,1766.258676,1639.14767,67.5,1,10,6,2,1.2,10,3,7,0,0,4,0,0.8,2,0.6,9,3,6,3,0,4,1,0.8,1.8,0.6,127.1110054,1.077547013,2.6,2.4,1833.758676,12,1
Arsenal,Crystal Palace,1746.962161,1608.655525,37.5,4,17,4,3.4,0.8,10,7,3,0,0,1,1,0.2,2,1.4,9,5,4,2,0,2,0,0.4,1.8,1,138.3066357,1.08597654,3,3.2,1784.462161,0,6
Chelsea,Everton,1641.33892,1573.959804,37.5,1,9,4,1.8,0.8,8,6,2,0,1,3,1,0.6,1.6,1.2,7,6,1,2,0,2,2,0.4,1.4,1.2,67.37911591,1.042808664,2.8,2.6,1678.83892,5,7
Brighton,West Ham,1595.794221,1528.585579,7.5,1,9,6,1.8,1.2,10,9,1,1,0,2,1,0.4,2,1.8,7,7,0,0,1,1,2,0.2,1.4,1.4,67.20864197,1.043967863,3.4,3.2,1603.294221,4,18
Newcastle,Ipswich,1657.056402,1453.768898,97.5,2,7,0,3.5,0,7,6,1,0,1,2,2,0.4,1.4,1.2,4,12,-8,0,1,0,3,0,0.8,2.4,203.2875039,1.139834814,3.8,2,1754.556402,14,9
Southampton,Fulham,1365.877665,1561.143628,-52.5,-2,5,7,1,1.4,2,7,-5,0,1,0,3,0,0.4,1.4,4,8,-4,0,2,1,4,0.2,0.8,1.6,-195.2659639,0.874921205,2,2.2,1313.377665,16,8
Wolves,Leicester,1523.196733,1454.032862,97.5,1,9,7,1.8,1.4,6,7,-1,0,3,2,3,0.4,1.2,1.4,6,6,0,1,0,2,2,0.4,1.2,1.2,69.16387045,1.047566924,2.4,2.6,1620.696733,19,10
Bournemouth,Man United,1586.826287,1541.950054,67.5,1,9,4,1.8,0.8,4,6,-2,0,2,1,2,0.2,0.8,1.2,5,12,-7,0,2,0,4,0,1,2.4,44.87623263,1.029103558,3.2,2.2,1654.326287,2,13
Liverpool,Tottenham,1775.13597,1565.549759,97.5,3,20,11,4,2.2,11,9,2,0,1,2,2,0.4,2.2,1.8,5,14,-9,0,1,0,4,0,1,2.8,209.5862111,1.133873874,5,2.8,1872.63597,11,17
Nott'm Forest,Brentford,1574.404585,1592.687461,-22.5,-2,6,8,1.2,1.6,7,7,0,1,0,2,1,0.4,1.4,1.4,13,8,5,0,1,4,1,0.8,2.6,1.6,-18.28287567,0.988520739,3,4,1551.904585,15,3
Man City,Wolves,1766.258676,1523.196733,67.5,3,12,4,2.4,0.8,10,3,7,0,0,4,0,0.8,2,0.6,8,5,3,0,2,3,2,0.6,1.6,1,243.0619426,1.159573571,3,2.2,1833.758676,12,19
Aston Villa,Fulham,1639.14767,1561.143628,97.5,5,10,3,2,0.6,10,3,7,2,0,4,1,0.8,2,0.6,4,8,-4,0,2,1,4,0.2,0.8,1.6,78.00404173,1.049965961,3.6,1.4,1736.64767,1,8
Everton,Ipswich,1573.959804,1453.768898,7.5,1,4,2,2,1,6,6,0,1,0,2,2,0.4,1.2,1.2,4,12,-8,0,1,0,3,0,0.8,2.4,120.1909054,1.082675386,3.6,2,1581.459804,7,9
Leicester,Southampton,1454.032862,1365.877665,67.5,1,10,6,2,1.2,6,8,-2,0,0,1,2,0.2,1.2,1.6,2,8,-6,0,0,0,3,0,0.4,1.6,88.1551979,1.064541064,2.8,2,1521.532862,10,16
Arsenal,Bournemouth,1746.962161,1586.826287,37.5,1,11,6,2.2,1.2,10,7,3,0,0,1,1,0.2,2,1.4,4,3,1,0,1,2,1,0.4,0.8,0.6,160.1358741,1.100915819,2.6,2.2,1784.462161,0,2
Brentford,Man United,1592.687461,1541.950054,67.5,-2,7,9,1.4,1.8,12,6,6,4,0,4,0,0.8,2.4,1.2,5,12,-7,0,2,0,4,0,1,2.4,50.73740685,1.032904702,4.8,2.2,1660.187461,3,13
Brighton,Newcastle,1595.794221,1657.056402,7.5,1,7,7,1.4,1.4,10,9,1,1,0,2,1,0.4,2,1.8,12,5,7,1,0,3,1,0.6,2.4,1,-61.26218168,0.963029513,3,4.2,1603.294221,4,14
West Ham,Tottenham,1528.585579,1565.549759,7.5,-1,5,9,1,1.8,7,7,0,1,0,1,2,0.2,1.4,1.4,5,14,-9,0,1,0,4,0,1,2.8,-36.96417979,0.97638901,4.2,2.4,1536.085579,18,17
Chelsea,Liverpool,1641.33892,1775.13597,67.5,-1,6,8,1.2,1.6,8,6,2,0,1,3,1,0.6,1.6,1.2,11,7,4,0,0,3,1,0.6,2.2,1.4,-133.7970498,0.924627154,3,3.4,1708.83892,5,11
Crystal Palace,Nott'm Forest,1608.655525,1574.404585,7.5,-1,3,4,0.6,0.8,5,8,-3,1,0,1,1,0.2,1,1.6,5,7,-2,0,0,1,2,0.2,1,1.4,34.25093985,1.021754853,2.4,2.6,1616.155525,6,15
Fulham,Everton,1561.143628,1573.959804,-22.5,1,6,5,1.2,1,7,9,-2,1,0,2,3,0.4,1.4,1.8,7,6,1,2,0,2,2,0.4,1.4,1.2,-12.81617552,0.991857368,2.6,3.2,1538.643628,8,7
Ipswich,Brentford,1453.768898,1592.687461,-52.5,-2,3,5,1.5,2.5,2,12,-10,0,2,0,4,0,0.4,2.4,13,8,5,0,1,4,1,0.8,2.6,1.6,-138.9185625,0.912777261,2,5,1401.268898,9,3
Southampton,Man City,1365.877665,1766.258676,-52.5,-3,2,10,0.4,2,2,7,-5,0,1,0,3,0,0.4,1.4,8,2,6,1,0,4,0,0.8,1.6,0.4,-400.381011,0.773316889,0.8,3,1313.377665,16,12
Wolves,Brighton,1523.196733,1595.794221,37.5,-3,3,14,0.6,2.8,6,7,-1,0,3,2,3,0.4,1.2,1.4,11,9,2,2,0,3,1,0.6,2.2,1.8,-72.59748784,0.954506987,3,3.6,1560.696733,19,4
Bournemouth,Aston Villa,1586.826287,1639.14767,-22.5,-3,4,10,0.8,2,4,6,-2,0,2,1,2,0.2,0.8,1.2,9,3,6,3,0,4,1,0.8,1.8,0.6,-52.32138337,0.968080128,1.4,3,1564.326287,2,1
Newcastle,Chelsea,1657.056402,1641.33892,67.5,0,10,7,2,1.4,7,6,1,0,1,2,2,0.4,1.4,1.2,7,4,3,1,0,4,1,0.8,1.4,0.8,15.71748258,1.009576013,2.2,2.6,1724.556402,14,5
Man United,West Ham,1541.950054,1528.585579,-22.5,-3,4,7,0.8,1.4,4,9,-5,0,3,0,4,0,0.8,1.8,7,7,0,0,1,1,2,0.2,1.4,1.4,13.36447536,1.008743034,2.2,3.2,1519.450054,13,18
Nott'm Forest,Leicester,1574.404585,1454.032862,37.5,1,7,7,1.75,1.75,7,7,0,1,0,2,1,0.4,1.4,1.4,6,6,0,1,0,2,2,0.4,1.2,1.2,120.3717229,1.082784733,2.6,2.6,1611.904585,15,10
Tottenham,Crystal Palace,1565.549759,1608.655525,7.5,1,6,5,1.2,1,3,12,-9,0,2,0,4,0,0.6,2.4,9,5,4,2,0,2,0,0.4,1.8,1,-43.1057666,0.973203855,1.6,4.2,1573.049759,17,6
Liverpool,Arsenal,1775.13597,1746.962161,37.5,-1,8,10,1.6,2,11,9,2,0,1,2,2,0.4,2.2,1.8,10,6,4,1,0,2,1,0.4,2,1.2,28.17380877,1.016127315,3.4,3.8,1812.63597,11,0
Aston Villa,Tottenham,1639.14767,1565.549759,157.5,1,7,10,1.4,2,10,3,7,2,0,4,1,0.8,2,0.6,5,14,-9,0,1,0,4,0,1,2.8,73.59791158,1.047010905,4.8,1.6,1796.64767,1,17
Chelsea,Man United,1641.33892,1541.950054,127.5,0,8,10,1.6,2,8,6,2,0,1,3,1,0.6,1.6,1.2,5,12,-7,0,2,0,4,0,1,2.4,99.38886571,1.064456605,4,2.2,1768.83892,5,13
Everton,Southampton,1573.959804,1365.877665,37.5,-1,5,6,1,1.2,6,6,0,1,0,2,2,0.4,1.2,1.2,2,8,-6,0,0,0,3,0,0.4,1.6,208.0821394,1.152343174,2.8,1.6,1611.459804,7,16
West Ham,Nott'm Forest,1528.585579,1574.404585,-82.5,-1,8,9,1.6,1.8,7,7,0,1,0,1,2,0.2,1.4,1.4,5,7,-2,0,0,1,2,0.2,1,1.4,-45.81900654,0.970897565,2.8,2.4,1446.085579,18,15
Brentford,Fulham,1592.687461,1561.143628,7.5,0,9,7,1.8,1.4,12,6,6,4,0,4,0,0.8,2.4,1.2,4,8,-4,0,2,1,4,0.2,0.8,1.6,31.54383257,1.020205593,4,2,1600.187461,3,8
Leicester,Ipswich,1454.032862,1453.768898,37.5,1,3,1,1.5,0.5,6,8,-2,0,0,1,2,0.2,1.2,1.6,4,12,-8,0,1,0,3,0,0.8,2.4,0.263963937,1.000181572,3.6,2.4,1491.532862,10,9
Arsenal,Newcastle,1746.962161,1657.056402,7.5,1,7,3,1.4,0.6,10,7,3,0,0,1,1,0.2,2,1.4,12,5,7,1,0,3,1,0.6,2.4,1,89.90575842,1.054256306,3,3.8,1754.462161,0,14
Brighton,Liverpool,1595.794221,1775.13597,7.5,0,10,8,2,1.6,10,9,1,1,0,2,1,0.4,2,1.8,11,7,4,0,0,3,1,0.6,2.2,1.4,-179.3417489,0.898970134,3.4,4,1603.294221,4,11
Crystal Palace,Wolves,1608.655525,1523.196733,7.5,2,12,9,2.4,1.8,5,8,-3,1,0,1,1,0.2,1,1.6,8,5,3,0,2,3,2,0.6,1.6,1,85.45879225,1.056104895,2,3.2,1616.155525,6,19
Man City,Bournemouth,1766.258676,1586.826287,127.5,3,15,5,3,1,10,3,7,0,0,4,0,0.8,2,0.6,4,3,1,0,1,2,1,0.4,0.8,0.6,179.4323888,1.113076264,2.6,1.4,1893.758676,12,2
Bournemouth,Leicester,1586.826287,1454.032862,67.5,3,9,3,1.8,0.6,4,6,-2,0,2,1,2,0.2,0.8,1.2,6,6,0,1,0,2,2,0.4,1.2,1.2,132.7934243,1.091327664,2,2.4,1654.326287,2,10
Fulham,Man City,1561.143628,1766.258676,7.5,-5,4,16,0.8,3.2,7,9,-2,1,0,2,3,0.4,1.4,1.8,8,2,6,1,0,4,0,0.8,1.6,0.4,-205.1150471,0.883870324,1.8,3.4,1568.643628,8,12
Ipswich,West Ham,1453.768898,1528.585579,-52.5,-2,2,7,1,3.5,2,12,-10,0,2,0,4,0,0.4,2.4,7,7,0,0,1,1,2,0.2,1.4,1.4,-74.81668026,0.951054961,1.8,3.8,1401.268898,9,18
Liverpool,Crystal Palace,1775.13597,1608.655525,67.5,1,4,3,0.8,0.6,11,9,2,0,1,2,2,0.4,2.2,1.8,9,5,4,2,0,2,0,0.4,1.8,1,166.4804445,1.103490425,3.2,3.6,1842.63597,11,6
Man United,Aston Villa,1541.950054,1639.14767,-52.5,4,8,3,1.6,0.6,4,9,-5,0,3,0,4,0,0.8,1.8,9,3,6,3,0,4,1,0.8,1.8,0.6,-97.197616,0.940702343,1.4,3.6,1489.450054,13,1
Newcastle,Everton,1657.056402,1573.959804,37.5,-1,5,6,1,1.2,7,6,1,0,1,2,2,0.4,1.4,1.2,7,6,1,2,0,2,2,0.4,1.4,1.2,83.0965985,1.052794613,2.6,2.6,1694.556402,14,7
Nott'm Forest,Chelsea,1574.404585,1641.33892,-22.5,-1,6,7,1.2,1.4,7,7,0,1,0,2,1,0.4,1.4,1.4,7,4,3,1,0,4,1,0.8,1.4,0.8,-66.93433454,0.959219675,2.2,2.8,1551.904585,15,5
Southampton,Arsenal,1365.877665,1746.962161,-52.5,-1,7,9,1.4,1.8,2,7,-5,0,1,0,3,0,0.4,1.4,10,6,4,1,0,2,1,0.4,2,1.2,-381.0844963,0.781858758,1.6,3.4,1313.377665,16,0
Tottenham,Brighton,1565.549759,1595.794221,-22.5,-1,9,13,1.8,2.6,3,12,-9,0,2,0,4,0,0.6,2.4,11,9,2,2,0,3,1,0.6,2.2,1.8,-30.24446219,0.981047392,2.4,4.6,1543.049759,17,4
Wolves,Brentford,1523.196733,1592.687461,37.5,0,10,9,2,1.8,6,7,-1,0,3,2,3,0.4,1.2,1.4,13,8,5,0,1,4,1,0.8,2.6,1.6,-69.49072808,0.956368886,2.8,4,1560.696733,19,3
